date,temperature_2m,dew_point_2m,relative_humidity_2m,apparent_temperature,surface_pressure,cloud_cover,cloud_cover_low,cloud_cover_mid,visibility,evapotranspiration,et0_fao_evapotranspiration,vapour_pressure_deficit,wind_speed_10m,wind_speed_80m,wind_speed_120m,wind_speed_180m,wind_direction_10m,wind_direction_80m,wind_direction_120m,wind_direction_180m,wind_gusts_10m,temperature_80m,temperature_120m,temperature_180m,soil_temperature_0cm,soil_temperature_6cm,soil_temperature_18cm,soil_temperature_54cm,soil_moisture_0_to_1cm,soil_moisture_1_to_3cm,soil_moisture_3_to_9cm,soil_moisture_9_to_27cm,soil_moisture_27_to_81cm,uv_index,uv_index_clear_sky,is_day,sunshine_duration,wet_bulb_temperature_2m,cape,lifted_index,convective_inhibition,freezing_level_height,shortwave_radiation,diffuse_radiation,global_tilted_irradiance,shortwave_radiation_instant,diffuse_radiation_instant,global_tilted_irradiance_instant,direct_radiation,direct_normal_irradiance,terrestrial_radiation,direct_radiation_instant,direct_normal_irradiance_instant,terrestrial_radiation_instant,pressure_msl,generation
2025-05-10 00:00:00+00:00,27.218,17.104572,54.0,27.549,1011.2601,13.0,13.0,0.0,24140.0,0.050000004,0.1326061,1.660586,14.973577,20.497883,22.366402,24.696102,152.81897,149.38147,146.82147,143.29706,25.919998,27.568,27.068,26.368,25.718,29.518,29.818,28.318,0.08,0.137,0.191,0.215,0.242,0.0,0.0,0.0,0.0,20.55358,0.0,2.5,0.0,5080.0,0.0,0.0,0.0,0.0,0.0,0.0,0.0,0.0,3.326467,0.0,0.0,0.0,1014.6,0.0
2025-05-10 01:00:00+00:00,26.418001,17.761814,59.0,27.443632,1011.84924,32.0,31.0,3.0,24140.0,0.050000004,0.07556496,1.4121192,12.181625,16.595179,18.043148,20.26899,161.0295,155.65892,151.38963,146.59216,24.119999,27.468,26.868,26.268,25.068,28.568,29.718,28.318,0.081,0.137,0.191,0.215,0.242,0.0,0.0,0.0,0.0,20.624949,0.0,1.9,-122.0,5120.0,0.0,0.0,0.0,0.0,0.0,0.0,0.0,0.0,0.0,0.0,0.0,0.0,1015.2,0.0
2025-05-10 02:00:00+00:00,25.868,19.273296,67.0,27.65425,1012.04224,37.0,29.0,25.0,24140.0,0.04,0.05499271,1.1001604,11.770403,16.1198,17.477621,19.296135,156.57129,150.57263,147.61934,143.3438,20.519999,26.968,26.368,25.668001,24.818,27.918001,29.568,28.318,0.082,0.137,0.191,0.215,0.242,0.0,0.0,0.0,0.0,21.31335,0.0,1.5,-63.0,5120.0,0.0,0.0,0.0,0.0,0.0,0.0,0.0,0.0,0.0,0.0,0.0,0.0,1015.4,0.0
2025-05-10 03:00:00+00:00,25.468,22.168928,82.0,28.998627,1012.53613,18.0,18.0,0.0,24140.0,0.03,0.018823273,0.58588815,10.1887,14.84318,16.055355,18.328207,147.99466,140.90616,137.72638,135.0001,19.44,26.068,25.568,24.868,24.718,27.468,29.418001,28.368,0.084,0.137,0.191,0.215,0.242,0.0,0.0,0.0,0.0,23.05596,620.0,1.1,-122.0,5090.0,0.0,0.0,0.0,0.0,0.0,0.0,0.0,0.0,0.0,0.0,0.0,0.0,1015.9,0.0
2025-05-10 04:00:00+00:00,25.368,22.85515,86.0,29.671555,1012.8343,6.0,6.0,0.0,24140.0,0.02,0.0051375595,0.45296526,7.5942082,11.988594,13.746156,16.055355,148.57048,138.65233,135.0001,132.27364,16.919998,25.968,25.368,24.668001,24.568,27.118,29.218,28.368,0.086,0.137,0.19,0.215,0.242,0.0,0.0,0.0,0.0,23.509861,730.0,0.9,-101.0,5040.0,0.0,0.0,0.0,0.0,0.0,0.0,0.0,0.0,0.0,0.0,0.0,0.0,1016.2,0.0
2025-05-10 05:00:00+00:00,24.868,22.929514,89.0,29.457478,1012.7288,22.0,22.0,0.0,24140.0,0.01,0.0,0.34547353,5.937272,9.021574,10.383987,11.808878,165.96373,151.38963,146.3099,142.43134,13.32,25.768,25.168001,24.468,24.118,26.818,29.018,28.368,0.088,0.137,0.19,0.215,0.242,0.0,0.0,0.0,0.0,23.429276,710.0,0.9,-97.0,4980.0,0.0,0.0,0.0,0.0,0.0,0.0,0.0,0.0,0.0,0.0,0.0,0.0,1016.1,0.0
2025-05-10 06:00:00+00:00,23.968,22.942139,94.0,28.651451,1012.1207,23.0,23.0,0.0,24140.0,0.01,0.0,0.17857027,5.3517847,6.4799995,6.924738,7.8625183,199.65392,180.0,171.02745,164.05453,10.440001,25.068,24.568,23.968,23.418001,26.368,28.818,28.368,0.09,0.137,0.193,0.216,0.242,0.0,0.0,0.0,0.0,23.210266,560.0,0.7,-105.0,4920.0,0.0,0.0,0.0,0.0,0.0,0.0,0.0,0.0,0.0,0.0,0.0,0.0,1015.5,0.0
2025-05-10 07:00:00+00:00,23.468,22.620209,95.0,28.110428,1011.51697,20.0,20.0,0.0,24140.0,-0.0,0.0,0.1444087,4.3498964,4.5536795,4.68,5.0911684,204.44394,198.43504,180.0,171.86998,9.0,24.868,24.468,23.968,22.968,26.018,28.618,28.368,0.092,0.137,0.193,0.216,0.242,0.0,0.0,0.0,0.0,22.844898,450.0,0.8,-127.0,4900.0,0.0,0.0,0.0,0.0,0.0,0.0,0.0,0.0,0.0,0.0,0.0,0.0,1014.9,0.0
2025-05-10 08:00:00+00:00,23.118,22.27243,95.0,27.697887,1011.2138,16.0,16.0,0.0,24140.0,-0.0,0.0,0.14139795,3.4152596,2.9024127,2.2768397,2.16,198.43504,209.7448,198.43504,180.0,7.5599995,24.768,24.368,23.768,22.568,25.668001,28.368,28.368,0.093,0.137,0.192,0.216,0.242,0.0,0.0,0.0,0.0,22.496174,340.0,0.9,-145.0,4900.0,0.0,0.0,0.0,0.0,0.0,0.0,0.0,0.0,0.0,0.0,0.0,0.0,1014.6,0.0
2025-05-10 09:00:00+00:00,23.068,21.873692,93.0,27.489124,1011.7118,21.0,21.0,0.0,24140.0,-0.0,0.0,0.1973691,2.968636,2.3051248,1.8,1.0182338,194.03627,231.34016,233.13002,224.9999,5.3999996,24.568,24.168001,23.568,22.268,25.318,28.168001,28.368,0.095,0.137,0.192,0.216,0.242,0.0,0.0,0.0,0.0,22.184683,260.0,1.2,-172.0,4940.0,0.0,0.0,0.0,0.0,0.0,0.0,0.0,0.0,0.0,0.0,0.0,0.0,1015.1,0.0
2025-05-10 10:00:00+00:00,23.018,21.824137,93.0,27.360579,1011.9105,7.0,7.0,0.0,24140.0,-0.0,0.0,0.19677472,3.319036,2.3051248,2.0364676,1.5273507,192.5288,218.65984,224.9999,224.9999,5.3999996,24.368,23.868,23.368,22.168001,25.018,27.968,28.368,0.097,0.137,0.192,0.216,0.242,0.0,0.0,0.0,0.0,22.135088,190.0,1.5,-115.0,4980.0,0.0,0.0,0.0,0.0,0.0,0.0,0.0,0.0,0.0,0.0,0.0,0.0,1015.3,0.0
2025-05-10 11:00:00+00:00,23.418001,22.043093,92.0,27.882187,1012.1143,0.0,0.0,0.0,24140.0,-0.0,0.01810872,0.23037219,3.319036,2.4149535,2.0991426,1.8,192.5288,206.56499,210.96368,216.86998,5.3999996,24.268,23.768,23.268,24.568,24.868,27.768,28.368,0.099,0.137,0.192,0.216,0.242,0.15,0.15,1.0,990.6292,22.400124,140.0,1.2,0.0,5010.0,37.0,20.0,36.999992,80.95538,43.759666,51.89633,17.0,139.67627,104.69878,37.195717,195.91048,229.0792,1015.5,0.0
2025-05-10 12:00:00+00:00,26.068,22.754263,82.0,31.156681,1013.2405,0.0,0.0,0.0,24140.0,0.06,0.14071485,0.6070254,1.8,1.8,2.5455842,2.968636,233.13002,233.13002,224.9999,194.03627,5.3999996,24.568,24.068,23.668001,30.268,25.868,27.568,28.318,0.1,0.138,0.195,0.217,0.242,1.3,1.3,1.0,3600.0,23.635134,280.0,0.0,-78.0,5000.0,226.0,68.0,226.00002,315.9081,95.051994,315.9081,158.0,550.0958,385.42026,220.85611,768.9369,538.74945,1016.6,0.0
2025-05-10 13:00:00+00:00,27.818,22.306263,72.0,32.79156,1013.16046,16.0,16.0,0.0,24140.0,0.19,0.30782145,1.0463684,0.8049845,1.0182338,1.1384199,1.484318,243.43501,224.9999,198.43504,194.03627,4.68,25.868,25.168001,24.368,32.618,27.418001,27.568,28.318,0.099,0.138,0.194,0.216,0.242,3.2,3.2,1.0,3600.0,23.861162,430.0,-0.7,-22.0,5000.0,450.0,101.0,450.0,540.7075,121.3588,540.7075,349.0,685.9042,682.7621,419.34872,824.16345,820.388,1016.5,0.0
2025-05-10 14:00:00+00:00,29.768,20.898783,59.0,34.3911,1013.18176,27.0,27.0,0.0,24140.0,0.3,0.47233278,1.715344,2.5959969,3.6,3.8268526,4.5820518,123.690094,126.86999,131.18582,135.0001,7.5599995,27.268,26.568,25.668001,36.218,29.268,27.618,28.318,0.096,0.138,0.193,0.216,0.242,5.35,5.35,1.0,3600.0,23.62311,110.0,-0.6,-16.0,5010.0,653.0,142.0,653.0,730.9956,158.96075,730.9956,511.0,727.6902,942.26544,572.03485,814.60693,1054.8114,1016.5,0.0
2025-05-10 15:00:00+00:00,31.318,20.288942,52.0,35.550045,1013.099,26.0,26.0,0.0,24140.0,0.39000002,0.62379706,2.1941357,9.19939,10.495713,10.990322,11.4862,120.57915,120.96369,121.60746,122.1957,17.28,28.468,27.668001,26.768,39.517998,30.918001,27.818,28.318,0.092,0.138,0.192,0.215,0.242,7.25,7.25,1.0,3600.0,23.790606,40.0,-0.8,-10.0,5040.0,818.0,173.0,818.0,874.94836,185.0441,874.94836,645.0,755.0369,1146.2571,689.9043,807.60187,1226.0583,1016.4,0.0
2025-05-10 16:00:00+00:00,32.168,20.107746,49.0,36.01071,1012.8091,3.0,3.0,0.0,24140.0,0.43,0.73100096,2.4461784,14.693999,16.485485,16.981165,17.477621,120.963684,121.60746,122.00535,122.38066,25.199999,28.968,28.168001,27.268,41.517998,32.767998,28.168001,28.318,0.086,0.138,0.191,0.214,0.241,8.55,8.55,1.0,3600.0,23.974432,30.0,-1.3,-4.0,5060.0,938.0,159.0,938.0,968.4821,164.167,968.4821,779.0,816.0588,1280.8495,804.3151,842.57825,1322.4731,1016.1,0.0
2025-05-10 17:00:00+00:00,32.468,19.708672,47.0,35.802406,1012.1146,0.0,0.0,0.0,24140.0,0.44,0.77600646,2.5855303,17.786331,19.8,20.304129,20.592503,125.94221,126.86999,127.07316,126.46933,29.88,29.168001,28.368,27.468,41.468,34.067997,28.568,28.318,0.082,0.138,0.189,0.213,0.241,9.1,9.15,1.0,3600.0,23.850689,40.0,-1.7,-1.0,5070.0,985.0,149.0,985.0,985.45386,149.06865,985.45386,836.0,839.04486,1336.8871,836.3852,839.4314,1337.5029,1015.4,0.0
2025-05-10 18:00:00+00:00,32.368,20.618044,50.0,35.107723,1011.8146,0.0,0.0,0.0,24140.0,0.40000004,0.7594971,2.4252992,23.185787,26.496098,27.0,27.504093,126.15828,126.714294,126.86999,127.01997,33.839996,29.268,28.468,27.568,39.668,34.468,28.918001,28.318,0.079,0.138,0.191,0.214,0.241,8.85,8.85,1.0,3600.0,24.332657,390.0,-2.4,0.0,5050.0,964.0,105.0,964.0,934.26306,101.76102,934.26306,859.0,879.4244,1310.5687,832.5021,852.2964,1270.1411,1015.1,0.0
2025-05-10 19:00:00+00:00,32.017998,20.93373,52.0,34.356674,1011.01337,6.0,0.0,0.0,24140.0,0.33,0.6835616,2.2827134,23.557316,27.155552,27.887802,28.394392,128.79657,128.54121,129.23735,129.3405,39.6,29.168001,28.368,27.468,37.968,34.668,29.318,28.318,0.077,0.138,0.19,0.213,0.241,7.8,7.8,1.0,3600.0,24.398232,600.0,-2.7,-1.0,5050.0,857.0,92.0,857.0,800.96124,85.98417,800.96124,765.0,852.7027,1203.7063,714.97705,796.94495,1124.9966,1014.3,0.0
2025-05-10 20:00:00+00:00,31.468,21.339197,55.0,33.55555,1010.7087,10.0,0.0,5.0,24140.0,0.27,0.57154346,2.0743904,21.986542,25.537172,26.31942,26.826641,129.68541,130.426,130.0062,130.10085,39.6,28.868,28.168001,27.268,36.218,34.468,29.668001,28.318,0.076,0.138,0.19,0.213,0.241,6.1,6.1,1.0,3600.0,24.452908,610.0,-2.9,-5.0,5050.0,705.0,90.0,705.0,628.1209,80.185646,628.1209,615.0,806.1085,1023.5992,547.93524,718.20374,911.9773,1014.0,0.0
2025-05-10 21:00:00+00:00,30.668001,21.17789,57.0,32.08473,1010.79944,3.0,0.0,0.0,24140.0,0.22,0.44181117,1.8940611,20.898613,24.458813,24.967497,25.476198,132.20723,132.61403,132.66266,132.70937,36.719997,28.568,27.868,26.968,33.118,33.868,29.968,28.318,0.076,0.137,0.189,0.212,0.24,4.0,4.0,1.0,3600.0,24.091032,510.0,-2.6,-13.0,5080.0,521.0,81.0,521.0,429.83966,66.82728,429.83966,440.0,754.3756,782.5371,363.01236,622.3811,645.6151,1014.1,0.0
2025-05-10 22:00:00+00:00,29.518,21.472399,62.0,31.395859,1011.0861,2.0,0.0,0.0,24140.0,0.13,0.27722582,1.5670688,18.837324,22.91026,23.675303,24.43761,135.0001,135.0001,135.61598,135.0001,34.56,28.068,27.268,26.468,30.068,32.868,30.168001,28.318,0.076,0.137,0.189,0.212,0.24,1.95,1.95,1.0,3600.0,23.885712,580.0,-2.4,-16.0,5140.0,295.0,66.0,295.0,204.24475,45.695435,204.24475,229.0,618.2196,496.96323,158.54932,428.02753,344.07504,1014.4,0.0
2025-05-10 23:00:00+00:00,28.168001,21.942684,69.0,30.75098,1011.56964,0.0,0.0,0.0,21760.0,0.06,0.12001211,1.1823547,15.7908325,20.898613,21.915691,23.1774,136.8476,137.79277,137.66306,136.88817,31.319998,27.368,26.768,25.968,26.918001,31.568,30.268,28.368,0.077,0.137,0.188,0.212,0.24,0.45,0.45,1.0,2809.9065,23.738108,600.0,-2.2,-16.0,5180.0,82.0,34.0,82.00001,12.283916,5.0933313,10.35211,48.0,291.22632,186.3484,7.190585,36.765934,27.91571,1014.9,0.0
2025-05-11 00:00:00+00:00,27.468,22.19669,73.0,30.4804,1012.45905,8.0,0.0,8.0,24140.0,0.03,0.07584691,0.98861504,13.830749,18.899143,20.421871,22.66857,141.34016,139.63554,139.28925,136.93057,26.28,27.268,26.668001,25.868,26.418001,30.218,30.218,28.368,0.077,0.136,0.191,0.213,0.241,0.0,0.0,0.0,0.0,23.680271,650.0,-1.8,-11.0,5220.0,0.0,0.0,0.0,0.0,0.0,0.0,0.0,0.0,4.224851,0.0,0.0,0.0,1015.8,0.0
2025-05-11 01:00:00+00:00,26.968,22.804523,78.0,30.643555,1013.2506,11.0,0.0,11.0,24140.0,0.02,0.033539586,0.7822602,11.681987,16.199999,17.654688,19.881649,146.3099,143.13002,140.79282,137.93575,22.68,26.968,26.368,25.668001,26.018,29.318,30.118,28.368,0.079,0.136,0.191,0.213,0.241,0.0,0.0,0.0,0.0,23.932516,840.0,-1.7,-5.0,5230.0,0.0,0.0,0.0,0.0,0.0,0.0,0.0,0.0,0.0,0.0,0.0,0.0,1016.6,0.0
2025-05-11 02:00:00+00:00,26.518,23.193237,82.0,30.71347,1014.04297,25.0,23.0,6.0,24140.0,0.02,0.018590137,0.623312,9.693296,13.684735,15.408671,17.84816,148.67137,144.63745,142.59457,138.27058,19.08,26.768,26.168001,25.468,25.668001,28.718,30.018,28.368,0.08,0.136,0.191,0.213,0.241,0.0,0.0,0.0,0.0,24.069511,1050.0,-1.4,-3.0,5230.0,0.0,0.0,0.0,0.0,0.0,0.0,0.0,0.0,0.0,0.0,0.0,0.0,1017.4,0.0
2025-05-11 03:00:00+00:00,26.118,23.397184,85.0,30.558514,1014.3375,32.0,32.0,0.0,24140.0,0.02,0.010686912,0.5073168,8.854829,11.983188,13.104198,14.799459,153.43501,147.26479,142.81522,138.94528,16.199999,26.468,25.868,25.168001,25.368,28.218,29.868,28.418001,0.082,0.136,0.191,0.213,0.241,0.0,0.0,0.0,0.0,24.102255,1010.0,-1.3,-5.0,5230.0,0.0,0.0,0.0,0.0,0.0,0.0,0.0,0.0,0.0,0.0,0.0,0.0,1017.7,0.0
2025-05-11 04:00:00+00:00,25.818,23.296759,86.0,30.260956,1014.135,28.0,28.0,0.0,24140.0,0.01,0.007703686,0.46518302,8.427383,11.269782,12.4811535,14.113652,160.0168,153.43501,146.76828,142.25313,14.759999,26.168001,25.668001,25.068,25.068,27.818,29.668001,28.418001,0.083,0.136,0.19,0.213,0.241,0.0,0.0,0.0,0.0,23.948786,870.0,-1.3,-7.0,5210.0,0.0,0.0,0.0,0.0,0.0,0.0,0.0,0.0,0.0,0.0,0.0,0.0,1017.5,0.0
2025-05-11 05:00:00+00:00,25.518,23.193514,87.0,30.10931,1013.8325,24.0,24.0,0.0,24140.0,0.01,0.0024401925,0.42435503,6.9899354,9.565437,10.464797,11.983188,168.11136,160.20103,153.43501,147.26479,14.04,26.068,25.468,24.868,24.718,27.468,29.468,28.418001,0.085,0.136,0.19,0.213,0.241,0.0,0.0,0.0,0.0,23.793625,750.0,-1.4,-10.0,5150.0,0.0,0.0,0.0,0.0,0.0,0.0,0.0,0.0,0.0,0.0,0.0,0.0,1017.2,0.0
2025-05-11 06:00:00+00:00,25.318,22.806084,86.0,29.618114,1013.3319,27.0,27.0,0.0,24140.0,0.01,0.004645706,0.4516244,7.42159,9.83268,10.805998,12.387348,165.96373,156.2505,150.01845,144.46223,11.879999,25.768,25.268,24.568,24.568,27.218,29.318,28.418001,0.087,0.136,0.193,0.215,0.241,0.0,0.0,0.0,0.0,23.461094,590.0,-1.3,-8.0,5110.0,0.0,0.0,0.0,0.0,0.0,0.0,0.0,0.0,0.0,0.0,0.0,0.0,1016.7,0.0
2025-05-11 07:00:00+00:00,24.918001,22.79225,88.0,29.346436,1012.72943,32.0,32.0,0.0,24140.0,0.01,0.0,0.3780098,6.489992,8.209263,9.028754,10.1887,176.82024,164.74483,156.50142,147.99466,12.24,25.668001,25.168001,24.568,24.268,26.918001,29.118,28.418001,0.088,0.136,0.193,0.215,0.241,0.0,0.0,0.0,0.0,23.34275,570.0,-1.1,-12.0,4990.0,0.0,0.0,0.0,0.0,0.0,0.0,0.0,0.0,0.0,0.0,0.0,0.0,1016.1,0.0
2025-05-11 08:00:00+00:00,24.518,22.768724,90.0,29.142818,1012.72473,33.0,33.0,0.0,24140.0,0.01,0.0,0.30758286,5.0528407,6.5693827,6.9527545,8.0899935,184.08554,170.53775,158.74942,147.72438,10.799999,25.568,25.068,24.568,23.968,26.618,28.918001,28.418001,0.09,0.136,0.192,0.214,0.241,0.0,0.0,0.0,0.0,23.219927,580.0,-1.1,-25.0,4880.0,0.0,0.0,0.0,0.0,0.0,0.0,0.0,0.0,0.0,0.0,0.0,0.0,1016.1,0.0
2025-05-11 09:00:00+00:00,24.118,22.914268,93.0,28.978382,1012.81995,32.0,32.0,0.0,24140.0,0.01,0.0,0.21021414,4.0249224,4.3349743,4.73506,5.8048253,190.3048,184.76355,171.25392,150.2552,9.0,25.468,25.068,24.568,23.568,26.318,28.718,28.418001,0.091,0.136,0.192,0.214,0.241,0.0,0.0,0.0,0.0,23.226164,570.0,-1.2,-46.0,4810.0,0.0,0.0,0.0,0.0,0.0,0.0,0.0,0.0,0.0,0.0,0.0,0.0,1016.2,0.0
2025-05-11 10:00:00+00:00,23.818,22.793287,94.0,28.617405,1013.3148,31.0,31.0,0.0,24140.0,-0.0,0.0,0.17697382,3.96,4.32,4.802999,5.8048253,180.0,180.0,167.00539,150.2552,7.2,25.468,25.068,24.568,23.418001,26.018,28.518,28.418001,0.093,0.136,0.192,0.214,0.241,0.0,0.0,0.0,0.0,23.061148,540.0,-1.2,-67.0,4810.0,0.0,0.0,0.0,0.0,0.0,0.0,0.0,0.0,0.0,0.0,0.0,0.0,1016.7,0.0
2025-05-11 11:00:00+00:00,24.268,23.062918,93.0,29.168442,1013.32025,34.0,34.0,0.0,24140.0,0.01,0.019749189,0.21210814,4.3498964,4.6800003,5.8048253,6.9153743,155.55606,157.3801,150.2552,141.34016,7.5599995,25.468,25.068,24.468,25.718,25.918001,28.318,28.418001,0.095,0.136,0.192,0.214,0.241,0.15,0.15,1.0,583.4176,23.374947,560.0,-1.4,-75.0,4900.0,34.0,21.0,33.999996,74.34101,45.916508,47.796978,13.0,106.24006,105.5236,28.424503,149.3516,230.72739,1016.7,0.0
2025-05-11 12:00:00+00:00,27.218,23.257595,79.0,31.946056,1014.25024,41.0,41.0,0.0,24140.0,0.050000004,0.13952363,0.7576847,6.297428,7.289445,8.714677,10.691453,149.03632,147.09476,141.7098,135.0001,7.2,25.768,25.168001,24.568,31.068,26.818,28.218,28.418001,0.095,0.136,0.194,0.215,0.24,1.3,1.3,1.0,3600.0,24.315205,640.0,-2.1,-29.0,4990.0,197.0,84.0,197.0,274.9478,117.23663,274.9478,113.0,391.8723,386.76575,157.71118,546.9261,539.799,1017.6,0.0
2025-05-11 13:00:00+00:00,28.568,23.026009,72.0,32.688683,1014.46454,49.0,49.0,0.0,24140.0,0.17,0.27310094,1.092895,9.504272,10.514218,11.019764,11.246759,142.69597,141.95291,141.63248,140.19447,16.199999,26.668001,25.968,25.068,33.718,28.318,28.168001,28.418001,0.095,0.137,0.193,0.215,0.24,3.25,3.25,1.0,3600.0,24.56434,690.0,-2.3,-10.0,4950.0,363.0,133.0,363.0,435.9456,159.72662,435.9456,230.0,451.3118,683.5292,276.21896,542.0039,820.88574,1017.8,0.0
2025-05-11 14:00:00+00:00,29.918001,22.877188,66.0,33.734814,1014.8782,44.0,44.0,0.0,24140.0,0.26,0.40601462,1.4345131,10.97262,12.496718,12.738099,13.246826,138.99101,138.50363,137.29063,137.20262,19.08,27.568,26.868,25.968,36.618,29.718,28.218,28.418001,0.093,0.137,0.193,0.215,0.24,5.35,5.35,1.0,3600.0,24.889708,710.0,-2.6,-2.0,4890.0,530.0,176.0,530.0,593.1614,196.97435,593.1614,354.0,503.74466,942.51935,396.18704,563.77716,1054.8417,1018.2,0.0
2025-05-11 15:00:00+00:00,31.068,22.66373,61.0,35.008377,1014.7909,41.0,41.0,0.0,24140.0,0.33,0.5430239,1.7572122,14.799459,16.595179,16.870138,17.377226,131.05472,130.60121,129.80553,129.95749,24.48,28.368,27.668001,26.768,39.168,31.318,28.418001,28.418001,0.09,0.137,0.192,0.214,0.24,7.25,7.25,1.0,3600.0,25.12276,670.0,-2.7,0.0,4890.0,701.0,207.0,701.0,749.7096,221.38358,749.7096,494.0,578.0878,1146.0994,528.32605,618.25684,1225.737,1018.1,0.0
2025-05-11 16:00:00+00:00,31.918001,22.628786,58.0,36.099766,1014.40137,30.0,30.0,0.0,24140.0,0.37000003,0.66098946,1.9858134,18.11841,20.421871,20.696087,21.203358,130.97165,130.71075,130.06073,130.17917,29.88,28.868,28.068,27.168001,41.218,32.918,28.668001,28.418001,0.086,0.137,0.19,0.213,0.24,8.55,8.55,1.0,3600.0,25.37449,720.0,-2.3,0.0,4950.0,856.0,224.0,856.0,883.7655,231.26575,883.7655,632.0,661.98645,1280.4094,652.49976,683.45886,1321.9412,1017.7,0.0
2025-05-11 17:00:00+00:00,32.368,22.470106,56.0,36.418633,1013.5091,28.0,28.0,0.0,24140.0,0.39000002,0.72820795,2.1339064,20.898613,23.441502,24.216522,24.72495,132.20723,132.5104,131.98714,132.04915,34.56,29.168001,28.368,27.468,41.368,34.218,29.068,28.418001,0.082,0.137,0.189,0.212,0.239,9.1,9.1,1.0,3600.0,25.423061,810.0,-2.8,0.0,4970.0,944.0,189.0,944.0,944.4247,189.08504,944.4247,755.0,757.7243,1336.3129,755.33966,758.06525,1336.9141,1016.8,0.0
2025-05-11 18:00:00+00:00,32.218,22.621988,57.0,35.747395,1013.2085,25.0,25.0,0.0,24140.0,0.36,0.7232458,2.0678225,24.485292,27.534704,28.04305,28.551426,131.42357,131.82008,131.87779,131.93344,38.88,29.068,28.268,27.368,40.468,34.918,29.468,28.418001,0.079,0.137,0.191,0.213,0.239,8.85,8.85,1.0,3600.0,25.466803,820.0,-3.2,0.0,4940.0,946.0,139.0,946.0,916.85236,134.71721,916.85236,807.0,826.1528,1310.0182,782.13513,800.6978,1269.6545,1016.5,0.0
2025-05-11 19:00:00+00:00,32.218,22.330688,56.0,35.198456,1012.3114,17.0,17.0,0.0,24140.0,0.32,0.67168325,2.1159692,24.216522,27.534704,28.28464,28.79325,131.98714,131.82008,132.4208,132.4664,39.6,29.268,28.468,27.568,39.218,35.267998,29.818,28.418001,0.077,0.137,0.19,0.212,0.239,7.8,7.8,1.0,3600.0,25.290487,760.0,-3.4,0.0,4920.0,854.0,107.0,854.0,798.23846,100.01349,798.23846,747.0,832.5115,1203.3341,698.225,778.153,1124.763,1015.6,0.0
2025-05-11 20:00:00+00:00,31.718,22.156214,57.0,34.08899,1011.90735,10.0,10.0,0.0,24140.0,0.27,0.57355565,2.0103185,23.233252,26.787966,27.295977,27.80403,130.60121,131.18584,131.25691,131.3254,39.6,29.168001,28.368,27.468,36.918,35.118,30.168001,28.418001,0.076,0.137,0.189,0.211,0.239,6.05,6.05,1.0,3600.0,25.023008,720.0,-3.5,-1.0,4960.0,711.0,93.0,711.0,633.60406,82.87648,633.60406,618.0,809.70624,1023.5487,550.72754,721.5656,912.13025,1015.2,0.0
2025-05-11 21:00:00+00:00,30.568,22.724771,63.0,32.533348,1011.99457,25.0,25.0,0.0,16420.0,0.21000002,0.42479342,1.6202667,23.051247,26.87491,27.609911,28.1169,128.65984,129.0194,129.70987,129.80553,37.8,28.468,27.768,26.868,33.317997,34.468,30.468,28.418001,0.075,0.136,0.189,0.211,0.239,4.0,4.0,1.0,3600.0,25.000484,880.0,-3.5,-1.0,5030.0,519.0,82.0,519.0,428.40305,67.68603,428.40305,437.0,748.5097,782.9306,360.717,617.8494,646.2617,1015.3,0.0
2025-05-11 22:00:00+00:00,29.368,23.08811,69.0,31.752697,1012.18097,23.0,23.0,0.0,24140.0,0.12,0.2608129,1.2672119,21.650938,25.984919,26.493652,27.0024,132.97864,132.75424,132.79738,132.83891,37.44,27.868,27.068,26.268,30.218,33.368,30.668001,28.468,0.076,0.136,0.188,0.211,0.239,1.95,1.95,1.0,3600.0,24.852268,990.0,-3.2,-4.0,5060.0,291.0,70.0,291.0,201.80937,48.54521,201.80937,221.0,595.2373,497.88962,153.26418,412.79886,345.28793,1015.5,0.0
2025-05-11 23:00:00+00:00,28.218,23.364777,75.0,31.284832,1012.76624,0.0,0.0,0.0,24140.0,0.050000004,0.11159364,0.9561529,18.11841,23.708124,24.458813,25.460934,139.02835,138.07755,137.38599,136.14568,34.92,27.268,26.668001,25.868,27.318,31.968,30.768,28.468,0.077,0.136,0.188,0.211,0.239,0.45,0.45,1.0,2829.519,24.683098,900.0,-3.8,-7.0,5060.0,80.0,35.0,79.999985,12.659907,5.5387096,10.727202,45.0,272.1792,187.86084,7.1211977,36.49652,29.728762,1016.1,0.0
2025-05-12 00:00:00+00:00,27.418001,23.24074,78.0,30.848427,1013.55475,14.0,14.0,0.0,24140.0,0.03,0.066659,0.8031049,15.124284,19.95972,21.986542,23.708124,141.76614,140.85602,140.31459,138.07755,28.8,26.968,26.368,25.668001,26.668001,30.668001,30.718,28.468,0.074,0.132,0.191,0.214,0.24,0.0,0.0,0.0,0.0,24.362108,890.0,-3.6,-8.0,5040.0,0.0,0.0,0.0,0.0,0.0,0.0,0.0,0.0,5.133357,0.0,0.0,0.0,1016.9,0.0
2025-05-12 01:00:00+00:00,27.068,23.526043,81.0,31.026821,1014.149,23.0,23.0,0.0,24140.0,0.02,0.030516805,0.6795106,12.682018,16.641972,18.161278,20.150354,145.40765,141.14662,140.6307,138.62158,23.759998,26.768,26.168001,25.368,26.418001,29.768,30.618,28.518,0.076,0.132,0.191,0.214,0.24,0.0,0.0,0.0,0.0,24.4578,870.0,-3.5,-10.0,5010.0,0.0,0.0,0.0,0.0,0.0,0.0,0.0,0.0,0.0,0.0,0.0,0.0,1017.5,0.0
2025-05-12 02:00:00+00:00,26.718,23.788258,84.0,31.038395,1014.34424,31.0,31.0,0.0,24140.0,0.02,0.019733947,0.5605743,11.304229,15.072783,16.563911,18.837324,142.76509,139.84407,137.64261,135.0001,20.880001,26.468,25.868,25.168001,26.118,29.168001,30.468,28.518,0.077,0.132,0.19,0.214,0.24,0.0,0.0,0.0,0.0,24.545124,940.0,-2.9,-8.0,5020.0,0.0,0.0,0.0,0.0,0.0,0.0,0.0,0.0,0.0,0.0,0.0,0.0,1017.7,0.0
2025-05-12 03:00:00+00:00,26.518,23.789133,85.0,31.172123,1014.84033,37.0,37.0,0.0,24140.0,0.02,0.011575866,0.5193951,9.021574,11.885453,13.104198,14.799459,151.38963,144.86572,142.81522,138.94528,18.72,26.368,25.768,24.968,25.868,28.668001,30.318,28.518,0.079,0.132,0.19,0.214,0.24,0.0,0.0,0.0,0.0,24.491419,840.0,-2.8,-11.0,5070.0,0.0,0.0,0.0,0.0,0.0,0.0,0.0,0.0,0.0,0.0,0.0,0.0,1018.2,0.0
2025-05-12 04:00:00+00:00,26.168001,23.640223,86.0,30.811394,1014.73676,29.0,29.0,0.0,24140.0,0.01,0.0081841,0.47488236,8.473393,10.829958,11.592895,13.397612,167.73524,158.5522,154.23073,149.30035,15.119999,26.168001,25.568,24.868,25.518,28.268,30.118,28.518,0.08,0.132,0.19,0.214,0.24,0.0,0.0,0.0,0.0,24.29017,710.0,-2.2,-32.0,5120.0,0.0,0.0,0.0,0.0,0.0,0.0,0.0,0.0,0.0,0.0,0.0,0.0,1018.1,0.0
2025-05-12 05:00:00+00:00,25.868,23.345825,86.0,30.571812,1014.3346,25.0,25.0,0.0,24140.0,0.01,0.0036453358,0.46655798,6.8399997,8.4042845,9.346143,10.495713,180.0,170.13426,164.3577,157.8336,14.04,26.168001,25.568,24.868,25.168001,27.918001,29.918001,28.568,0.082,0.132,0.19,0.214,0.24,0.0,0.0,0.0,0.0,23.997553,590.0,-2.4,-46.0,5080.0,0.0,0.0,0.0,0.0,0.0,0.0,0.0,0.0,0.0,0.0,0.0,0.0,1017.7,0.0
2025-05-12 06:00:00+00:00,25.118,23.360895,90.0,30.026333,1013.92773,33.0,33.0,0.0,24140.0,0.01,0.0,0.31876087,5.506941,6.130579,6.9899354,8.427383,191.30989,176.6336,168.11136,160.0168,11.159999,25.968,25.468,24.768,24.618,27.518,29.718,28.568,0.083,0.132,0.193,0.215,0.24,0.0,0.0,0.0,0.0,23.810917,510.0,-2.0,-48.0,5000.0,0.0,0.0,0.0,0.0,0.0,0.0,0.0,0.0,0.0,0.0,0.0,0.0,1017.3,0.0
2025-05-12 07:00:00+00:00,24.668001,23.280191,92.0,29.617546,1013.4243,42.0,33.0,0.0,24140.0,0.01,0.0,0.2482667,4.896529,5.1544156,5.3999996,7.072878,197.10281,192.09474,180.0,165.2564,9.0,25.868,25.368,24.868,24.268,27.168001,29.518,28.568,0.085,0.133,0.192,0.215,0.24,0.0,0.0,0.0,0.0,23.637142,430.0,-2.0,-70.0,4980.0,0.0,0.0,0.0,0.0,0.0,0.0,0.0,0.0,0.0,0.0,0.0,0.0,1016.8,0.0
2025-05-12 08:00:00+00:00,24.368,23.162022,93.0,29.276966,1013.42084,58.0,32.0,0.0,24140.0,0.01,0.0,0.21337819,4.6938252,4.6938252,5.0528407,6.379216,184.39862,184.39862,175.91446,163.61038,8.28,25.868,25.368,24.868,23.918001,26.818,29.318,28.568,0.087,0.133,0.192,0.215,0.24,0.0,0.0,0.0,0.0,23.474136,350.0,-1.8,-54.0,4990.0,0.0,0.0,0.0,0.0,0.0,0.0,0.0,0.0,0.0,0.0,0.0,0.0,1016.8,0.0
2025-05-12 09:00:00+00:00,24.118,23.090988,94.0,28.955547,1013.41797,60.0,35.0,0.0,24140.0,0.01,0.0,0.18018079,4.896529,5.0142193,5.4833565,7.10031,162.89719,158.96242,156.80138,149.53453,7.92,25.768,25.368,24.868,23.818,26.518,29.118,28.568,0.089,0.133,0.192,0.215,0.24,0.0,0.0,0.0,0.0,23.359386,320.0,-1.6,-19.0,4970.0,0.0,0.0,0.0,0.0,0.0,0.0,0.0,0.0,0.0,0.0,0.0,0.0,1016.8,0.0
2025-05-12 10:00:00+00:00,24.018,23.16671,95.0,28.792973,1013.61633,59.0,46.0,0.0,24140.0,0.01,0.0,0.14925218,5.634891,6.792466,7.491114,9.290511,153.43501,147.99466,144.78232,144.46223,9.36,25.668001,25.268,24.668001,23.768,26.268,28.868,28.568,0.09,0.133,0.192,0.215,0.24,0.0,0.0,0.0,0.0,23.392893,340.0,-1.3,-20.0,4990.0,0.0,0.0,0.0,0.0,0.0,0.0,0.0,0.0,0.0,0.0,0.0,0.0,1017.0,0.0
2025-05-12 11:00:00+00:00,24.868,23.29702,91.0,29.550861,1013.9248,49.0,43.0,0.0,24140.0,0.01,0.025233382,0.28264928,6.792466,9.0,10.009036,11.753876,147.99466,143.13002,142.3057,139.9698,11.5199995,25.368,24.968,24.368,26.068,26.218,28.668001,28.568,0.092,0.133,0.192,0.215,0.24,0.15,0.15,1.0,376.6421,23.699932,330.0,-1.3,-19.0,5030.0,33.0,22.0,33.0,72.10956,48.07304,46.49046,11.0,89.43937,106.30613,24.03652,126.00234,232.2936,1017.3,0.0
2025-05-12 12:00:00+00:00,27.218,22.833761,77.0,30.821953,1014.4496,55.0,50.0,0.0,24140.0,0.06,0.14681435,0.8298805,12.287555,13.979872,14.689588,16.641972,148.17259,145.49142,143.97253,141.14662,14.04,25.768,25.068,24.168001,30.718,27.218,28.568,28.568,0.092,0.133,0.194,0.216,0.24,1.3,1.35,1.0,3600.0,24.026783,260.0,-1.8,-29.0,5060.0,179.0,82.0,178.99998,249.45988,114.27771,249.45985,97.0,335.1347,388.03192,135.18217,467.054,540.77313,1017.8,0.0
2025-05-12 13:00:00+00:00,27.968,22.67738,73.0,30.781986,1014.4579,68.0,64.0,0.0,24140.0,0.18,0.27574646,1.0178127,17.072504,19.35314,19.862083,20.364674,137.56381,136.50739,136.46873,135.0001,27.72,26.268,25.468,24.668001,31.868,28.318,28.518,28.568,0.092,0.133,0.193,0.215,0.24,3.2,3.25,1.0,3600.0,24.15053,260.0,-2.1,-5.0,5090.0,359.0,119.0,359.0,430.93,142.8431,430.93,240.0,470.24,684.2244,288.0869,564.45825,821.3171,1017.8,0.0
2025-05-12 14:00:00+00:00,28.668001,22.890863,71.0,31.230564,1014.46545,64.0,60.0,0.0,24140.0,0.25,0.38065997,1.1385167,19.64228,22.183128,22.42427,22.932877,138.7154,138.28934,137.60262,137.54485,31.68,26.468,25.768,24.868,34.317997,29.418001,28.518,28.568,0.09,0.134,0.192,0.215,0.24,5.35,5.35,1.0,3600.0,24.506756,310.0,-2.2,0.0,5180.0,513.0,183.0,513.0,574.0042,204.76175,574.0042,330.0,469.2811,942.7129,369.2425,525.0864,1054.8171,1017.8,0.0
2025-05-12 15:00:00+00:00,29.518,22.989857,68.0,32.589188,1014.5747,67.0,62.0,0.0,24140.0,0.3,0.5082972,1.3194461,21.638964,24.184391,24.946726,25.455843,135.67395,135.60303,135.0001,135.0001,34.92,26.868,26.068,25.168001,37.118,30.768,28.668001,28.568,0.088,0.134,0.191,0.214,0.24,7.2,7.25,1.0,3600.0,24.835762,300.0,-2.0,0.0,5240.0,704.0,214.0,704.0,752.8304,228.84332,752.8304,490.0,573.2473,1145.8939,523.98706,613.0085,1225.3746,1017.9,0.0
2025-05-12 16:00:00+00:00,30.268,22.701092,64.0,33.6887,1014.28394,38.0,39.0,0.0,24140.0,0.35000002,0.6223707,1.5496836,23.1774,26.478971,26.987997,27.497026,136.88817,136.10162,136.08084,136.06082,38.16,27.268,26.468,25.568,39.067997,32.168,28.868,28.568,0.085,0.134,0.19,0.213,0.24,8.55,8.55,1.0,3600.0,24.889801,310.0,-1.7,0.0,5240.0,865.0,214.0,865.0,893.00995,220.92963,893.00995,651.0,681.82855,1279.9352,672.0803,703.9071,1321.3812,1017.6,0.0
2025-05-12 17:00:00+00:00,31.018,22.344704,60.0,34.4542,1013.7935,34.0,34.0,0.0,24140.0,0.37000003,0.69500303,1.7972054,24.195107,27.248455,28.019936,28.775238,136.80872,136.60596,137.08257,136.52072,39.6,27.868,27.068,26.168001,40.017998,33.368,29.118,28.568,0.082,0.134,0.189,0.213,0.239,9.15,9.15,1.0,3600.0,24.910254,220.0,-1.4,0.0,5240.0,949.0,192.0,949.0,949.42163,192.0853,949.42163,757.0,759.72253,1335.7184,757.3363,760.06006,1336.3118,1017.1,0.0
2025-05-12 18:00:00+00:00,31.368,21.830135,57.0,34.508194,1012.70087,31.0,29.0,0.0,16240.0,0.36,0.7045061,1.970896,23.933908,26.987997,27.497026,28.266304,133.7812,133.91916,133.93918,133.4519,39.6,28.168001,27.368,26.468,40.118,34.267998,29.468,28.568,0.079,0.134,0.188,0.212,0.239,8.85,8.85,1.0,3600.0,24.712349,180.0,-1.1,0.0,5220.0,938.0,157.0,938.0,909.13696,152.16898,909.13696,781.0,799.5116,1309.4594,756.96796,774.91,1269.1661,1016.0,0.0
2025-05-12 19:00:00+00:00,31.418001,21.292814,55.0,34.047005,1011.70483,15.0,12.0,0.0,24140.0,0.32,0.66201913,2.0685246,22.91026,25.711662,26.729847,27.238943,135.0001,135.5672,135.5456,135.53539,38.88,28.468,27.668001,26.768,38.868,34.767998,29.818,28.568,0.077,0.134,0.187,0.211,0.239,7.8,7.8,1.0,3600.0,24.408909,120.0,-1.2,-2.0,5150.0,855.0,125.0,855.0,799.2579,116.85057,799.2579,730.0,813.44336,1202.9651,682.40735,760.4105,1124.5371,1015.0,0.0
2025-05-12 20:00:00+00:00,31.218,20.196823,52.0,32.710094,1010.8055,7.0,0.0,0.0,24140.0,0.28000003,0.5772685,2.181729,21.94524,24.993437,25.501621,26.250393,138.99101,138.50363,138.43373,137.77924,37.44,28.668001,27.868,27.068,36.468,34.718,30.118,28.568,0.076,0.134,0.187,0.211,0.239,6.1,6.1,1.0,3600.0,23.703802,20.0,-1.1,-11.0,5170.0,704.0,96.0,704.0,627.5053,85.56891,627.5053,608.0,796.27075,1023.5101,541.9364,709.7501,912.2983,1014.1,0.0
2025-05-12 21:00:00+00:00,30.568,19.597954,52.0,31.056671,1010.8982,9.0,0.0,0.0,24140.0,0.22,0.45699576,2.1025584,21.710716,25.02971,25.537172,26.044699,139.70793,139.66693,139.574,139.4847,35.64,28.468,27.768,26.868,33.517998,34.168,30.418001,28.568,0.075,0.133,0.186,0.21,0.238,4.0,4.0,1.0,3600.0,23.139574,10.0,-1.3,-9.0,5040.0,517.0,80.0,517.0,426.9684,66.06861,426.9684,437.0,747.77747,783.33966,360.89978,617.55774,646.92706,1014.2,0.0
2025-05-12 22:00:00+00:00,29.468,19.773788,56.0,30.185616,1011.1852,14.0,0.0,3.0,24140.0,0.14000002,0.30223033,1.8095584,20.746122,24.850431,25.582806,26.089443,141.34018,141.46979,140.71062,140.59937,35.28,27.968,27.268,26.368,30.118,33.168,30.618,28.568,0.075,0.133,0.186,0.21,0.238,1.95,1.95,1.0,3600.0,22.859982,0.0,-1.4,-11.0,5050.0,295.0,67.0,295.0,204.92458,46.542194,204.92458,228.0,612.64905,498.8339,158.38239,425.58255,346.51978,1014.5,0.0
2025-05-12 23:00:00+00:00,28.218,20.247845,62.0,29.724434,1011.66986,29.0,0.0,8.0,24140.0,0.07000001,0.14459096,1.4537785,16.981165,21.868332,22.86496,23.770906,147.99466,147.09476,146.56012,144.86572,33.48,27.368,26.768,25.968,27.118,31.818,30.668001,28.618,0.076,0.133,0.186,0.21,0.238,0.45,0.45,1.0,2849.3887,22.708464,10.0,-1.1,-30.0,5050.0,82.0,34.0,82.000015,13.663304,5.6652727,11.640456,48.0,289.4156,189.3905,7.9980316,41.0845,31.55732,1015.0,0.0
2025-05-13 00:00:00+00:00,27.368,21.178936,69.0,29.677677,1012.1587,100.0,31.0,11.0,24140.0,0.04,0.09047083,1.1285708,14.81259,19.164717,21.120682,22.86496,154.05775,151.99092,150.37634,146.56012,26.28,26.868,26.268,25.568,26.718,30.518,30.668001,28.618,0.077,0.133,0.185,0.21,0.238,0.0,0.0,0.0,0.0,22.995329,50.0,-0.8,-21.0,5070.0,0.0,0.0,0.0,0.0,0.0,0.0,0.0,0.0,6.049713,0.0,0.0,0.0,1015.5,0.0
2025-05-13 01:00:00+00:00,26.918001,22.110771,75.0,30.09172,1012.55237,100.0,42.0,12.0,6020.0,0.03,0.042587563,0.8863895,12.397806,16.58346,18.218275,20.26899,154.17906,152.87878,150.39565,146.59216,23.759998,26.568,25.968,25.268,26.318,29.668001,30.568,28.618,0.078,0.133,0.185,0.21,0.238,0.0,0.0,0.0,0.0,23.452927,180.0,-0.4,-75.0,5000.0,0.0,0.0,0.0,0.0,0.0,0.0,0.0,0.0,0.0,0.0,0.0,0.0,1015.9,0.0
2025-05-13 02:00:00+00:00,26.568,22.626486,79.0,30.271091,1013.14655,100.0,32.0,0.0,7660.0,0.02,0.02778634,0.72938013,10.787993,14.021525,15.315873,17.477621,154.2901,150.80261,150.42226,147.61934,20.519999,26.268,25.568,24.868,25.968,29.068,30.418001,28.668001,0.08,0.133,0.185,0.21,0.238,0.0,0.0,0.0,0.0,23.692917,300.0,-0.2,-37.0,4960.0,0.0,0.0,0.0,0.0,0.0,0.0,0.0,0.0,0.0,0.0,0.0,0.0,1016.5,0.0
2025-05-13 03:00:00+00:00,26.368,22.844255,81.0,30.502552,1013.3437,86.0,37.0,0.0,24140.0,0.02,0.016864492,0.6521802,8.699793,10.787993,11.753877,13.70839,155.55606,154.2901,152.6502,150.06857,17.64,26.068,25.468,24.668001,25.768,28.618,30.268,28.668001,0.081,0.133,0.185,0.21,0.238,0.0,0.0,0.0,0.0,23.783924,310.0,0.0,-16.0,5020.0,0.0,0.0,0.0,0.0,0.0,0.0,0.0,0.0,0.0,0.0,0.0,0.0,1016.7,0.0
2025-05-13 04:00:00+00:00,25.868,22.95659,84.0,30.32803,1013.2382,66.0,43.0,0.0,24140.0,0.02,0.0064020627,0.53323007,6.9247384,9.021574,10.00256,11.609651,152.10283,151.38963,149.74365,150.2552,14.04,25.768,25.168001,24.468,25.218,28.168001,30.068,28.668001,0.083,0.133,0.185,0.21,0.238,0.0,0.0,0.0,0.0,23.720285,290.0,-0.4,-19.0,4970.0,0.0,0.0,0.0,0.0,0.0,0.0,0.0,0.0,0.0,0.0,0.0,0.0,1016.6,0.0
2025-05-13 05:00:00+00:00,25.418001,22.904219,86.0,29.88118,1013.0339,37.0,35.0,0.0,24140.0,0.01,0.002843232,0.45430827,6.696387,8.4963045,9.290511,10.883676,143.74608,143.61555,144.46223,145.78424,11.5199995,25.468,24.968,24.368,25.018,27.768,29.868,28.668001,0.084,0.133,0.185,0.21,0.238,0.0,0.0,0.0,0.0,23.558632,270.0,-0.4,-13.0,5050.0,0.0,0.0,0.0,0.0,0.0,0.0,0.0,0.0,0.0,0.0,0.0,0.0,1016.4,0.0
2025-05-13 06:00:00+00:00,25.068,22.751266,87.0,29.415794,1012.33246,39.0,41.0,0.0,24140.0,0.01,0.0017584027,0.4131837,6.8777895,8.913181,9.686609,11.246759,137.12111,136.63654,138.01286,140.19447,11.5199995,25.168001,24.668001,24.068,24.618,27.468,29.668001,28.668001,0.086,0.133,0.185,0.21,0.238,0.0,0.0,0.0,0.0,23.353603,210.0,-0.4,-10.0,5070.0,0.0,0.0,0.0,0.0,0.0,0.0,0.0,0.0,0.0,0.0,0.0,0.0,1015.7,0.0
2025-05-13 07:00:00+00:00,24.768,22.644619,88.0,29.122555,1011.7308,29.0,30.0,0.0,24140.0,0.01,0.0,0.37465215,6.4096174,8.209263,9.0,10.799999,141.84273,142.12495,143.13002,143.13002,11.5199995,25.168001,24.568,24.068,24.268,27.118,29.468,28.668001,0.087,0.133,0.185,0.21,0.238,0.0,0.0,0.0,0.0,23.195713,200.0,-0.4,-9.0,5060.0,0.0,0.0,0.0,0.0,0.0,0.0,0.0,0.0,0.0,0.0,0.0,0.0,1015.1,0.0
2025-05-13 08:00:00+00:00,24.318,22.571331,90.0,28.619064,1011.2274,3.0,0.0,0.0,24140.0,0.01,0.0,0.30393386,6.489992,7.9932966,8.78872,10.296251,146.3099,144.16226,145.0079,143.53067,10.799999,25.168001,24.668001,24.068,23.468,26.768,29.268,28.668001,0.089,0.133,0.184,0.21,0.238,0.0,0.0,0.0,0.0,23.02293,160.0,0.0,-53.0,5050.0,0.0,0.0,0.0,0.0,0.0,0.0,0.0,0.0,0.0,0.0,0.0,0.0,1014.6,0.0
2025-05-13 09:00:00+00:00,23.618,22.24103,92.0,27.526144,1011.4188,11.0,8.0,0.0,24140.0,0.01,0.0,0.23315811,7.8954163,9.339208,9.511088,10.990322,155.77226,152.44728,150.5242,148.39255,12.959999,25.268,24.668001,23.968,22.818,26.318,29.068,28.668001,0.09,0.133,0.184,0.21,0.238,0.0,0.0,0.0,0.0,22.598045,70.0,0.2,-2.0,5060.0,0.0,0.0,0.0,0.0,0.0,0.0,0.0,0.0,0.0,0.0,0.0,0.0,1014.8,0.0
2025-05-13 10:00:00+00:00,23.468,21.732384,90.0,26.995466,1012.1149,13.0,10.0,0.0,24140.0,0.01,0.0,0.2888422,8.557102,10.144082,10.805998,11.983188,157.75093,152.52565,150.01845,147.26479,13.679999,25.268,24.668001,23.968,22.668001,25.918001,28.818,28.668001,0.092,0.133,0.184,0.21,0.238,0.0,0.0,0.0,0.0,22.18569,10.0,0.1,-49.0,5090.0,0.0,0.0,0.0,0.0,0.0,0.0,0.0,0.0,0.0,0.0,0.0,0.0,1015.5,0.0
2025-05-13 11:00:00+00:00,24.168001,21.486269,85.0,27.529285,1012.5216,10.0,0.0,0.0,24140.0,0.02,0.035526093,0.45187306,8.766573,10.163227,10.948973,12.10157,160.82089,157.06787,152.59251,149.62096,14.04,25.168001,24.668001,23.968,25.068,25.718,28.618,28.668001,0.094,0.133,0.184,0.21,0.238,0.2,0.2,1.0,1425.0176,22.205086,0.0,0.0,-50.0,5110.0,40.0,19.0,39.999992,87.3546,41.493435,56.465515,21.0,169.928,107.048035,45.861168,239.87683,233.77846,1015.9,0.0
2025-05-13 12:00:00+00:00,27.068,21.357986,71.0,30.503635,1013.1523,10.0,0.0,0.0,24140.0,0.07000001,0.16765943,1.0373673,7.754637,8.699793,9.983106,11.923557,158.19853,155.55606,154.35904,151.11351,14.04,25.568,24.868,24.068,31.418001,26.568,28.418001,28.668001,0.094,0.133,0.184,0.209,0.238,1.35,1.35,1.0,3600.0,23.011429,0.0,-0.5,-68.0,5150.0,232.0,61.0,232.0,322.87216,84.89311,322.87216,171.0,588.7357,389.21927,237.97905,819.33777,541.67267,1016.5,0.0
2025-05-13 13:00:00+00:00,28.468,20.999073,64.0,31.19202,1013.1675,33.0,31.0,0.0,24140.0,0.19,0.336808,1.3972986,11.304229,12.538134,13.104198,13.608762,142.76509,140.82635,142.81522,142.52374,19.08,26.368,25.668001,24.768,34.618,28.318,28.368,28.668001,0.093,0.133,0.184,0.209,0.238,3.25,3.25,1.0,3600.0,23.247538,0.0,-0.4,-74.0,5200.0,451.0,96.0,450.99997,541.1105,115.18094,541.1104,355.0,694.6139,684.8499,425.9295,833.39874,821.68396,1016.5,0.0
2025-05-13 14:00:00+00:00,29.568,20.71157,59.0,32.05832,1013.07996,32.0,31.0,0.0,24140.0,0.27,0.4879851,1.6957698,15.281989,16.80857,17.31746,17.581125,136.90913,136.73567,136.68465,137.4896,24.84,26.868,26.168001,25.268,38.067997,30.118,28.418001,28.668001,0.09,0.133,0.184,0.208,0.238,5.35,5.35,1.0,3600.0,23.444117,0.0,-0.1,-25.0,5250.0,644.0,162.0,644.0,720.4262,181.22523,720.4262,482.0,685.02673,942.8485,539.201,766.3218,1054.7405,1016.4,0.0
2025-05-13 15:00:00+00:00,30.318,20.27233,55.0,32.910534,1012.68945,28.0,27.0,0.0,24140.0,0.33,0.61899513,1.9430816,18.837324,20.87379,21.129883,21.638964,135.0001,135.0001,135.6902,135.67395,30.599998,27.268,26.468,25.568,39.918,31.868,28.618,28.668001,0.086,0.133,0.183,0.208,0.238,7.25,7.25,1.0,3600.0,23.44093,10.0,0.5,0.0,5270.0,818.0,182.0,818.0,874.6424,194.60258,874.6424,636.0,743.8787,1145.6427,680.0398,795.38855,1224.9725,1016.0,0.0
2025-05-13 16:00:00+00:00,30.918001,20.228281,53.0,33.740543,1012.1978,26.0,24.0,0.0,24140.0,0.35000002,0.70345944,2.1001334,20.620804,22.91026,23.419376,23.928492,134.29277,135.0001,135.0001,135.0001,33.48,27.668001,26.868,25.968,41.067997,33.368,28.918001,28.668001,0.082,0.133,0.183,0.207,0.237,8.55,8.55,1.0,3600.0,23.619904,10.0,0.5,0.0,5270.0,930.0,176.0,930.0,960.0696,181.69058,960.0696,754.0,789.6625,1279.4282,778.379,815.1945,1320.7958,1015.5,0.0
2025-05-13 17:00:00+00:00,31.268,20.551489,53.0,34.22285,1011.9025,31.0,23.0,0.0,24140.0,0.34,0.7339006,2.142285,21.897945,24.442913,24.951921,25.460934,136.33215,136.1934,136.16905,136.14568,36.0,27.868,27.068,26.168001,41.567997,34.468,29.268,28.668001,0.079,0.133,0.183,0.206,0.237,9.15,9.15,1.0,3600.0,23.925135,0.0,0.4,0.0,5270.0,969.0,144.0,969.0,969.4297,144.06386,969.4297,825.0,827.9742,1335.1042,825.36584,828.34143,1335.6963,1015.2,0.0
2025-05-13 18:00:00+00:00,31.218,21.107296,55.0,34.199074,1011.10455,35.0,24.0,0.0,24140.0,0.32,0.7217894,2.0452082,23.233252,25.772078,26.28,26.552288,139.39879,138.96475,138.888,139.39879,37.8,27.868,27.068,26.168001,40.817997,35.267998,29.668001,28.668001,0.076,0.132,0.183,0.205,0.237,8.85,8.9,1.0,3600.0,24.23291,30.0,0.4,-30.0,5260.0,962.0,121.0,962.0,932.4413,117.28212,932.4413,841.0,860.9176,1308.8936,815.1592,834.4648,1268.676,1014.4,0.0
2025-05-13 19:00:00+00:00,30.718,21.508331,58.0,33.186443,1010.60077,31.0,28.0,0.0,24140.0,0.28000003,0.64838797,1.8552399,24.951921,28.006056,28.515089,28.775238,136.16905,136.04153,136.02293,136.52072,40.68,27.568,26.768,25.868,38.368,35.517998,30.068,28.668001,0.074,0.132,0.183,0.205,0.237,7.8,7.8,1.0,3600.0,24.304916,80.0,0.5,-30.0,5250.0,868.0,126.0,868.0,811.49976,117.798355,811.49976,742.0,826.6937,1202.5996,693.7014,772.8822,1124.3195,1013.9,0.0
2025-05-13 20:00:00+00:00,29.918001,21.849115,62.0,31.802082,1010.1935,32.0,31.0,0.0,24140.0,0.22,0.53649074,1.6034358,25.476198,29.03752,29.301876,29.810522,137.29063,137.00955,137.4896,137.4471,41.760002,27.168001,26.468,25.568,35.718,35.118,30.418001,28.668001,0.074,0.132,0.183,0.204,0.236,6.1,6.1,1.0,3600.0,24.247944,100.0,0.5,-21.0,5260.0,718.0,123.0,718.0,640.1289,109.65996,640.1289,595.0,778.9149,1023.4831,530.46893,694.43726,912.4806,1013.5,0.0
2025-05-13 21:00:00+00:00,29.418001,20.571157,59.0,30.216606,1010.18787,15.0,15.0,0.0,24140.0,0.17,0.42599177,1.6812177,22.961115,26.552288,27.059933,27.567635,138.81418,139.39879,139.31612,139.23648,41.760002,27.268,26.568,25.668001,32.817997,34.267998,30.668001,28.668001,0.074,0.132,0.183,0.204,0.236,4.0,4.0,1.0,3600.0,23.30987,30.0,1.0,-32.0,5270.0,520.0,105.0,520.0,429.66568,86.75942,429.66568,415.0,709.42737,783.76483,342.90628,586.1858,647.6093,1013.5,0.0
2025-05-13 22:00:00+00:00,28.718,20.187407,60.0,29.508564,1010.27985,16.0,0.0,16.0,24140.0,0.12,0.28287998,1.5753138,21.67487,26.009844,26.787966,27.295977,138.36655,138.36655,138.81416,138.74309,37.44,27.168001,26.468,25.568,29.518,33.168,30.868,28.718,0.074,0.132,0.183,0.203,0.236,1.95,1.95,1.0,3600.0,22.843563,10.0,1.1,-2.0,5270.0,285.0,77.0,285.0,198.30878,53.57816,198.30878,208.0,557.58234,499.7949,144.73062,387.9771,347.76743,1013.6,0.0
2025-05-13 23:00:00+00:00,27.668001,19.987822,63.0,28.764091,1010.6671,39.0,0.0,39.0,24140.0,0.06,0.14742868,1.3709528,18.899143,24.75638,25.772078,26.758923,139.63554,139.12769,138.96475,137.72638,34.92,26.768,26.168001,25.268,26.818,31.768,30.918001,28.718,0.075,0.132,0.182,0.203,0.236,0.45,0.45,1.0,2869.4768,22.364384,0.0,1.1,-13.0,5270.0,75.0,34.0,74.999985,13.118798,5.9471884,11.237206,41.0,246.42882,190.93529,7.17161,36.922295,33.39789,1014.0,0.0
2025-05-14 00:00:00+00:00,26.918001,20.272331,67.0,28.290016,1011.0573,46.0,0.0,46.0,24140.0,0.04,0.108924694,1.1702325,18.0,24.063513,26.28,27.757376,143.13002,141.07245,138.888,136.5765,29.88,26.368,25.868,25.168001,26.468,30.468,30.868,28.718,0.076,0.132,0.182,0.203,0.236,0.0,0.0,0.0,0.0,22.281643,0.0,1.5,-11.0,5270.0,0.0,0.0,0.0,0.0,0.0,0.0,0.0,0.0,6.974248,0.0,0.0,0.0,1014.4,0.0
2025-05-14 01:00:00+00:00,26.668001,20.51057,69.0,28.50029,1011.4534,50.0,18.0,40.0,24140.0,0.03,0.0705197,1.0832691,15.683774,20.969807,23.617756,25.264202,148.13406,145.49142,142.43134,139.04459,28.44,26.368,25.768,25.068,26.218,29.618,30.718,28.768,0.077,0.132,0.182,0.203,0.236,0.0,0.0,0.0,0.0,22.345402,10.0,1.3,-7.0,5320.0,0.0,0.0,0.0,0.0,0.0,0.0,0.0,0.0,0.0,0.0,0.0,0.0,1014.8,0.0
2025-05-14 02:00:00+00:00,26.518,20.367342,69.0,28.708637,1011.8502,46.0,33.0,26.0,24140.0,0.03,0.05661724,1.0737696,12.72283,17.10284,19.272614,20.883102,154.8852,149.65683,147.20047,144.11777,25.56,26.368,25.768,25.068,25.818,28.968,30.568,28.768,0.078,0.132,0.182,0.203,0.236,0.0,0.0,0.0,0.0,22.206127,0.0,1.1,-5.0,5320.0,0.0,0.0,0.0,0.0,0.0,0.0,0.0,0.0,0.0,0.0,0.0,0.0,1015.2,0.0
2025-05-14 03:00:00+00:00,26.168001,20.495577,71.0,28.801983,1011.94604,34.0,34.0,0.0,24140.0,0.03,0.03957271,0.98398376,10.137692,13.1041975,14.658676,16.75064,163.49556,159.07542,155.32315,151.78275,20.16,26.368,25.768,24.968,25.268,28.468,30.368,28.768,0.079,0.131,0.182,0.203,0.236,0.0,0.0,0.0,0.0,22.170303,10.0,1.1,-2.0,5310.0,0.0,0.0,0.0,0.0,0.0,0.0,0.0,0.0,0.0,0.0,0.0,0.0,1015.3,0.0
2025-05-14 04:00:00+00:00,25.568,21.023737,76.0,28.463306,1011.5408,22.0,22.0,0.0,24140.0,0.02,0.03001631,0.7859137,10.24578,13.441071,14.84318,16.58346,161.56496,159.62349,157.1663,152.87878,16.919998,25.968,25.368,24.568,24.718,28.018,30.168001,28.768,0.081,0.131,0.182,0.203,0.236,0.0,0.0,0.0,0.0,22.315962,40.0,1.1,-2.0,5260.0,0.0,0.0,0.0,0.0,0.0,0.0,0.0,0.0,0.0,0.0,0.0,0.0,1014.9,0.0
2025-05-14 05:00:00+00:00,25.318,21.821493,81.0,28.70647,1011.13916,9.0,9.0,0.0,24140.0,0.02,0.019317612,0.6129782,9.83268,12.879752,14.336861,16.485485,156.2505,153.43501,151.50446,148.39255,17.28,25.568,24.968,24.168001,24.518,27.568,29.968,28.768,0.082,0.131,0.182,0.203,0.236,0.0,0.0,0.0,0.0,22.773108,80.0,1.0,-2.0,5240.0,0.0,0.0,0.0,0.0,0.0,0.0,0.0,0.0,0.0,0.0,0.0,0.0,1014.5,0.0
2025-05-14 06:00:00+00:00,24.868,21.978088,84.0,28.743958,1010.6358,25.0,22.0,0.0,24140.0,0.02,0.0059409826,0.50255346,7.0911775,9.826088,10.805998,12.783802,156.0375,151.55717,150.01845,147.65259,15.84,25.468,24.868,24.068,23.968,27.218,29.768,28.768,0.083,0.131,0.182,0.203,0.236,0.0,0.0,0.0,0.0,22.749886,70.0,0.9,-3.0,5200.0,0.0,0.0,0.0,0.0,0.0,0.0,0.0,0.0,0.0,0.0,0.0,0.0,1014.0,0.0
2025-05-14 07:00:00+00:00,24.268,21.965012,87.0,28.274403,1010.23047,27.0,27.0,0.0,24140.0,0.01,0.0,0.3939569,6.151683,8.049845,9.19939,10.1887,159.44388,153.43501,149.42085,147.99466,11.879999,25.268,24.668001,23.868,23.418001,26.818,29.518,28.768,0.085,0.131,0.181,0.203,0.236,0.0,0.0,0.0,0.0,22.571337,40.0,0.9,-4.0,5170.0,0.0,0.0,0.0,0.0,0.0,0.0,0.0,0.0,0.0,0.0,0.0,0.0,1013.6,0.0
2025-05-14 08:00:00+00:00,23.568,21.831085,90.0,27.467537,1010.02295,26.0,23.0,0.0,24140.0,0.01,0.0,0.29058337,6.379216,7.5685663,8.0899935,8.714677,163.61038,154.65387,147.72438,141.7098,10.440001,25.068,24.468,23.668001,22.918001,26.418001,29.268,28.768,0.086,0.131,0.181,0.203,0.236,0.0,0.0,0.0,0.0,22.28419,30.0,1.0,-5.0,5170.0,0.0,0.0,0.0,0.0,0.0,0.0,0.0,0.0,0.0,0.0,0.0,0.0,1013.4,0.0
2025-05-14 09:00:00+00:00,22.968,21.597721,92.0,26.875463,1010.21564,2.0,0.0,0.0,24140.0,0.01,0.0,0.2242117,5.4477882,4.68,4.452954,4.198285,187.59456,180.0,165.96373,149.03632,10.440001,24.868,24.368,23.668001,22.318,26.018,29.068,28.768,0.088,0.131,0.181,0.203,0.236,0.0,0.0,0.0,0.0,21.954798,20.0,1.1,0.0,5160.0,0.0,0.0,0.0,0.0,0.0,0.0,0.0,0.0,0.0,0.0,0.0,0.0,1013.6,0.0
2025-05-14 10:00:00+00:00,22.418001,21.229506,93.0,26.15646,1010.80725,4.0,4.0,0.0,24140.0,0.01,0.0,0.18976474,5.2416787,3.8939953,2.0991426,0.5091169,195.94547,213.6901,210.96368,224.9999,8.28,24.568,24.168001,23.468,21.868,25.568,28.818,28.768,0.09,0.131,0.181,0.203,0.236,0.0,0.0,0.0,0.0,21.539955,10.0,1.4,0.0,5180.0,0.0,0.0,0.0,0.0,0.0,0.0,0.0,0.0,0.0,0.0,0.0,0.0,1014.2,0.0
2025-05-14 11:00:00+00:00,22.968,21.056816,89.0,26.687492,1011.5113,7.0,7.0,0.0,24140.0,0.01,0.02221056,0.30830693,4.73506,3.319036,2.3051248,2.0991426,188.74608,220.60121,231.34016,300.96368,8.28,24.468,23.968,23.268,24.418001,25.268,28.568,28.768,0.091,0.131,0.181,0.203,0.236,0.2,0.2,1.0,1115.5492,21.562277,10.0,1.4,0.0,5180.0,40.0,22.0,40.000004,87.30687,48.01878,56.572533,18.0,144.99286,107.74964,39.288094,205.0653,235.1821,1014.9,0.0
2025-05-14 12:00:00+00:00,26.168001,21.387209,75.0,30.454529,1012.0457,10.0,10.0,0.0,24140.0,0.050000004,0.14197028,0.84819245,2.0364676,2.0364676,2.3051248,1.835647,224.9999,224.9999,231.34016,258.6901,7.2,24.568,23.968,23.168001,31.068,26.218,28.368,28.768,0.092,0.131,0.181,0.203,0.236,1.35,1.35,1.0,3600.0,22.743206,0.0,1.0,0.0,5220.0,226.0,79.0,225.99998,314.10556,109.797966,314.10553,147.0,504.44107,390.3298,204.3076,701.09625,542.49896,1015.4,0.0
2025-05-14 13:00:00+00:00,27.818,21.370073,68.0,32.31577,1012.06415,14.0,14.0,0.0,24140.0,0.16,0.3056567,1.1959548,0.5091169,0.8049845,1.08,1.4399999,224.9999,206.56499,180.0,180.0,4.68,25.768,25.068,24.168001,33.668,27.918001,28.268,28.768,0.091,0.131,0.181,0.203,0.236,3.15,3.25,1.0,3600.0,23.262676,10.0,1.4,0.0,5260.0,450.0,114.0,450.0,539.67084,136.7166,539.67084,336.0,656.60956,685.4074,402.9542,787.4512,821.98755,1015.4,0.0
2025-05-14 14:00:00+00:00,29.818,20.385729,57.0,33.5542,1011.7869,49.0,49.0,0.0,24140.0,0.24,0.4719589,1.8042717,5.95906,6.9247384,7.4128532,7.7879906,115.01687,117.89718,119.05451,123.6901,12.959999,27.368,26.568,25.668001,36.968,29.768,28.318,28.768,0.088,0.131,0.181,0.202,0.236,4.85,5.4,1.0,3600.0,23.33657,0.0,1.1,0.0,5290.0,639.0,159.0,639.0,714.68774,177.8331,714.68774,480.0,681.8245,942.9253,536.8547,762.58466,1054.6122,1015.1,0.0
2025-05-14 15:00:00+00:00,31.018,20.62364,54.0,34.474915,1011.7004,30.0,30.0,0.0,24140.0,0.29000002,0.573741,2.0671093,12.074766,13.363711,13.849477,14.336861,116.56499,117.25525,117.89718,118.495544,20.880001,27.968,27.168001,26.268,41.868,31.468,28.518,28.768,0.085,0.131,0.18,0.201,0.235,6.55,7.25,1.0,3600.0,23.882668,0.0,1.1,0.0,5290.0,737.0,211.0,737.0,787.9542,225.58798,787.9542,526.0,615.1051,1145.3472,562.3662,657.6318,1224.5334,1015.0,0.0
2025-05-14 16:00:00+00:00,31.918001,20.526348,51.0,35.754192,1011.3114,23.0,23.0,0.0,24140.0,0.36,0.7383901,2.317224,16.575644,18.079027,18.581022,19.083395,124.3804,125.27251,125.537766,125.78906,27.0,28.368,27.568,26.668001,43.767998,33.718,28.818,28.768,0.08,0.131,0.18,0.201,0.235,8.05,8.6,1.0,3600.0,24.129381,0.0,1.0,0.0,5280.0,960.0,151.0,960.0,990.9985,155.87581,990.9985,809.0,847.24255,1278.8909,835.1227,874.60016,1320.1865,1014.6,0.0
2025-05-14 17:00:00+00:00,32.068,20.66417,51.0,35.624218,1010.9144,26.0,18.0,0.0,24140.0,0.35000002,0.7540076,2.3369138,18.947083,20.972897,21.479664,21.986542,128.82983,129.42778,129.55963,129.68541,30.960001,28.468,27.668001,26.768,43.317997,35.218,29.218,28.768,0.077,0.131,0.18,0.2,0.235,8.25,9.15,1.0,3600.0,24.258966,10.0,0.7,0.0,5290.0,974.0,140.0,974.0,974.43555,140.0626,974.43555,834.0,837.0301,1334.4727,834.3729,837.40436,1335.0695,1014.2,0.0
2025-05-14 18:00:00+00:00,31.968,20.887684,52.0,35.16153,1010.4151,13.0,13.0,0.0,24140.0,0.32,0.7415615,2.2762854,21.252197,23.78453,24.29133,24.798225,128.8114,129.47243,129.5881,129.69904,34.56,28.468,27.768,26.768,41.817997,36.067997,29.718,28.768,0.074,0.131,0.18,0.199,0.235,7.75,8.85,1.0,3600.0,24.354832,30.0,0.2,-9.0,5290.0,959.0,102.0,959.0,929.5798,98.87084,929.5798,857.0,877.28906,1308.3226,830.7089,850.3755,1268.1859,1013.7,0.0
2025-05-14 19:00:00+00:00,31.618,21.178946,54.0,34.285492,1009.91284,12.0,12.0,0.0,24140.0,0.27,0.670726,2.1386204,22.45315,25.264202,25.501621,26.009844,131.09941,130.95541,131.56627,131.63345,36.36,28.468,27.668001,26.768,39.718,36.218,30.168001,28.768,0.072,0.13,0.18,0.198,0.234,6.95,7.8,1.0,3600.0,24.408308,60.0,0.0,-3.0,5260.0,860.0,100.0,860.0,804.1123,93.501434,804.1123,760.0,846.62634,1202.2384,710.6109,791.6077,1124.1101,1013.2,0.0
2025-05-14 20:00:00+00:00,31.068,20.968147,55.0,32.749542,1009.60785,10.0,3.0,7.0,24140.0,0.22,0.5707371,2.0278702,23.441502,26.493652,27.0024,27.511158,132.5104,132.79738,132.83891,132.87889,38.16,28.368,27.568,26.668001,36.817997,35.868,30.518,28.768,0.072,0.13,0.18,0.198,0.234,5.3,6.1,1.0,3600.0,24.100914,80.0,-0.3,-3.0,5230.0,709.0,95.0,709.0,632.2503,84.716194,632.2503,614.0,803.44305,1023.4674,547.5341,716.46985,912.67645,1012.9,0.0
2025-05-14 21:00:00+00:00,30.018,21.132786,59.0,30.892448,1009.3971,18.0,3.0,15.0,24140.0,0.17,0.4306223,1.7400858,24.458813,28.528723,29.28418,29.793125,132.61403,132.95459,133.50572,133.53127,39.96,27.868,27.168001,26.268,32.817997,34.968,30.868,28.768,0.072,0.13,0.18,0.198,0.234,3.45,4.0,1.0,3600.0,23.84685,100.0,-0.3,-8.0,5230.0,509.0,103.0,509.0,420.7931,85.150665,420.7931,406.0,693.34393,784.2058,335.64243,573.1912,648.30725,1012.7,0.0
2025-05-14 22:00:00+00:00,28.918001,21.678026,65.0,30.386024,1009.78375,40.0,0.0,40.0,24140.0,0.11,0.27028754,1.3942475,22.42427,27.0024,27.511158,28.28464,132.39738,132.83891,132.87889,132.4208,39.96,27.368,26.668001,25.768,29.768,33.618,31.018,28.768,0.072,0.13,0.18,0.197,0.234,1.85,1.95,1.0,3600.0,23.8148,220.0,-0.3,-9.0,5230.0,285.0,82.0,285.0,198.6402,57.15262,198.6402,203.0,542.8755,500.7726,141.48758,378.3751,349.03006,1013.1,0.0
2025-05-14 23:00:00+00:00,27.768,22.028667,71.0,29.954323,1010.3691,48.0,0.0,48.0,24140.0,0.050000004,0.124599785,1.0806153,18.844202,24.195107,25.212852,25.984919,133.45189,133.19128,133.26433,132.75424,36.0,26.868,26.168001,25.368,26.968,32.118,31.118,28.818,0.073,0.13,0.179,0.197,0.234,0.45,0.45,1.0,2889.7542,23.665634,270.0,-0.5,-18.0,5230.0,79.0,38.0,79.000015,14.46596,6.9583097,12.458024,41.0,245.64662,192.4916,7.50765,38.737602,35.24779,1013.7,0.0
2025-05-15 00:00:00+00:00,27.068,22.473278,76.0,29.804153,1010.6605,61.0,26.0,47.0,24140.0,0.03,0.0771576,0.85841966,16.80857,21.892027,23.675303,25.72174,136.73567,135.0001,134.38402,133.29869,29.519999,26.568,25.868,25.268,26.418001,30.768,31.068,28.818,0.074,0.13,0.179,0.197,0.234,0.0,0.0,0.0,0.0,23.739635,290.0,-0.6,-19.0,5260.0,0.0,0.0,0.0,0.0,0.0,0.0,0.0,0.0,7.8983836,0.0,0.0,0.0,1014.0,0.0
2025-05-15 01:00:00+00:00,26.818,22.659111,78.0,30.144985,1011.05634,67.0,35.0,47.0,24140.0,0.02,0.03961119,0.77541804,13.493999,18.584509,20.633371,22.45315,136.08084,134.21527,132.8789,131.09941,27.0,26.468,25.868,25.168001,26.218,29.818,30.918001,28.818,0.076,0.13,0.179,0.197,0.234,0.0,0.0,0.0,0.0,23.789318,370.0,-0.7,-20.0,5300.0,0.0,0.0,0.0,0.0,0.0,0.0,0.0,0.0,0.0,0.0,0.0,0.0,1014.4,0.0
2025-05-15 02:00:00+00:00,26.518,22.785278,80.0,30.279564,1011.6509,60.0,38.0,40.0,24120.0,0.02,0.026555106,0.6925967,11.019764,14.773164,16.29174,18.089775,141.63248,136.97493,135.0001,132.58046,21.96,26.268,25.668001,24.968,25.968,29.168001,30.768,28.868,0.077,0.13,0.179,0.197,0.234,0.0,0.0,0.0,0.0,23.786842,460.0,-0.3,-27.0,5330.0,0.0,0.0,0.0,0.0,0.0,0.0,0.0,0.0,0.0,0.0,0.0,0.0,1015.0,0.0
2025-05-15 03:00:00+00:00,26.118,22.803036,82.0,29.985943,1011.84576,39.0,34.0,6.0,24140.0,0.02,0.020150686,0.6088166,10.365251,12.879752,14.20062,15.696165,159.67677,153.43501,149.53453,143.39284,18.0,25.868,25.368,24.668001,25.568,28.668001,30.568,28.868,0.078,0.13,0.179,0.197,0.234,0.0,0.0,0.0,0.0,23.6834,380.0,-0.1,-36.0,5320.0,0.0,0.0,0.0,0.0,0.0,0.0,0.0,0.0,0.0,0.0,0.0,0.0,1015.2,0.0
2025-05-15 04:00:00+00:00,25.768,22.858746,84.0,29.851402,1011.44324,37.0,35.0,5.0,12020.0,0.02,0.012626987,0.5300906,9.114471,11.177405,11.966953,13.363711,170.9098,165.06853,158.83867,152.74475,17.28,25.668001,25.068,24.468,25.218,28.268,30.368,28.868,0.08,0.129,0.179,0.197,0.234,0.0,0.0,0.0,0.0,23.623245,340.0,0.4,-21.0,5300.0,0.0,0.0,0.0,0.0,0.0,0.0,0.0,0.0,0.0,0.0,0.0,0.0,1014.8,0.0
2025-05-15 05:00:00+00:00,25.468,22.760242,85.0,29.649559,1010.74207,63.0,32.0,40.0,24140.0,0.02,0.007846781,0.4882114,8.049845,9.6932955,10.365251,11.753877,169.6952,164.93146,159.67677,152.6502,14.759999,25.468,24.968,24.268,24.968,27.918001,30.168001,28.868,0.081,0.129,0.179,0.197,0.234,0.0,0.0,0.0,0.0,23.469868,340.0,0.4,-17.0,5280.0,0.0,0.0,0.0,0.0,0.0,0.0,0.0,0.0,0.0,0.0,0.0,0.0,1014.1,0.0
2025-05-15 06:00:00+00:00,25.168001,22.849545,87.0,29.573025,1010.3403,55.0,33.0,11.0,24140.0,0.01,0.0018472616,0.41564322,6.87779,8.209263,8.891344,9.826088,173.99109,164.74483,158.62932,151.55717,12.959999,25.168001,24.768,24.168001,24.768,27.568,29.968,28.868,0.083,0.129,0.179,0.197,0.234,0.0,0.0,0.0,0.0,23.451387,300.0,-0.1,-7.0,5210.0,0.0,0.0,0.0,0.0,0.0,0.0,0.0,0.0,0.0,0.0,0.0,0.0,1013.7,0.0
2025-05-15 07:00:00+00:00,24.868,22.743042,88.0,29.32024,1009.83844,55.0,23.0,7.0,24140.0,0.01,0.0,0.37688708,6.130579,7.2359104,7.42159,8.557102,183.3664,174.2895,165.96373,157.75093,11.159999,25.068,24.568,24.068,24.368,27.268,29.718,28.868,0.084,0.129,0.178,0.197,0.234,0.0,0.0,0.0,0.0,23.29374,230.0,-0.1,-4.0,5040.0,0.0,0.0,0.0,0.0,0.0,0.0,0.0,0.0,0.0,0.0,0.0,0.0,1013.2,0.0
2025-05-15 08:00:00+00:00,24.668001,22.91677,90.0,29.415672,1009.63696,92.0,20.0,0.0,24140.0,0.01,0.0,0.31034398,4.802999,5.4119864,5.8048253,6.379216,192.99461,183.814,172.87508,163.61038,10.440001,25.168001,24.668001,24.168001,24.218,26.968,29.518,28.868,0.086,0.129,0.178,0.197,0.234,0.0,0.0,0.0,0.0,23.367678,200.0,0.0,-12.0,4900.0,0.0,0.0,0.0,0.0,0.0,0.0,0.0,0.0,0.0,0.0,0.0,0.0,1013.0,0.0
2025-05-15 09:00:00+00:00,24.218,23.013369,93.0,29.109074,1009.73145,94.0,9.0,0.0,24140.0,0.01,0.0,0.21147513,4.2136917,4.2136917,4.379589,5.0911684,199.9832,199.9832,189.46225,171.86998,8.28,25.168001,24.768,24.268,23.568,26.668001,29.318,28.868,0.087,0.129,0.178,0.197,0.234,0.0,0.0,0.0,0.0,23.325354,190.0,0.2,-22.0,4860.0,0.0,0.0,0.0,0.0,0.0,0.0,0.0,0.0,0.0,0.0,0.0,0.0,1013.1,0.0
2025-05-15 10:00:00+00:00,23.918001,22.892523,94.0,28.775341,1010.12665,85.0,15.0,0.0,24140.0,-0.0,0.0,0.17803669,3.96,3.6179552,3.6,4.1046314,180.0,185.7105,180.0,164.74483,6.8399997,25.168001,24.768,24.168001,23.418001,26.368,29.068,28.868,0.089,0.129,0.178,0.197,0.234,0.0,0.0,0.0,0.0,23.16056,170.0,0.1,-13.0,4840.0,0.0,0.0,0.0,0.0,0.0,0.0,0.0,0.0,0.0,0.0,0.0,0.0,1013.5,0.0
2025-05-15 11:00:00+00:00,24.418001,23.032778,92.0,29.23042,1010.7304,100.0,11.0,0.0,24140.0,0.01,0.021824766,0.24459386,4.829907,4.829907,5.00128,5.692099,153.43501,153.43501,149.74365,145.30478,8.28,25.268,24.868,24.268,25.868,26.218,28.868,28.868,0.09,0.129,0.178,0.197,0.234,0.2,0.2,1.0,161.84209,23.389738,170.0,-0.1,-15.0,4850.0,35.0,26.0,35.0,76.35507,56.72091,49.588882,9.0,72.18705,108.410446,19.634161,102.27643,236.50536,1014.1,0.0
2025-05-15 12:00:00+00:00,26.868,22.91777,79.0,31.793903,1011.35596,100.0,7.0,0.0,24140.0,0.04,0.11440759,0.7423279,3.563818,4.072935,4.8433046,6.638072,135.0001,135.0001,138.01286,139.39879,8.64,25.468,24.968,24.368,30.818,26.968,28.718,28.868,0.091,0.129,0.178,0.197,0.234,1.25,1.35,1.0,2099.9385,23.980127,280.0,-0.6,-4.0,4850.0,161.0,123.0,161.0,223.48444,170.73656,223.48444,38.0,129.99796,391.36386,52.74788,180.45042,543.253,1014.7,0.0
2025-05-15 13:00:00+00:00,28.368,22.370014,70.0,32.82619,1011.6716,100.0,40.0,0.0,24140.0,0.12,0.22580597,1.1575325,4.5820518,5.3517847,6.1305785,6.638072,135.0001,137.72638,139.76372,139.39879,9.72,26.468,25.768,24.868,33.868,28.368,28.618,28.868,0.09,0.129,0.178,0.197,0.234,3.05,3.25,1.0,3600.0,24.075382,350.0,-0.8,-3.0,4890.0,299.0,193.0,299.0,358.4305,231.3615,358.4305,106.0,206.9055,685.89795,127.06901,248.0309,822.23,1015.0,0.0
2025-05-15 14:00:00+00:00,29.618,21.828371,63.0,32.807205,1011.88446,100.0,63.0,0.0,24140.0,0.19,0.36553577,1.534579,11.183201,12.979984,12.979984,13.479583,123.17853,123.6901,123.6901,124.11452,19.44,27.368,26.668001,25.768,35.767998,29.818,28.668001,28.868,0.088,0.129,0.178,0.196,0.234,4.8,5.35,1.0,3600.0,24.136936,260.0,-1.1,0.0,4940.0,456.0,264.0,456.0,509.91428,295.21353,509.91428,192.0,272.60342,942.94806,214.70074,304.83417,1054.4357,1015.2,0.0
2025-05-15 15:00:00+00:00,30.318,22.225801,62.0,33.137592,1012.09143,100.0,65.0,0.0,24140.0,0.25,0.47749567,1.6405346,17.0763,18.671474,19.171478,19.469976,124.69522,123.996506,124.286934,123.6901,27.72,27.668001,26.968,26.068,37.968,31.318,28.818,28.868,0.086,0.129,0.177,0.196,0.233,6.7,7.25,1.0,3600.0,24.610174,430.0,-1.2,0.0,4980.0,602.0,348.0,602.0,643.5613,372.02545,643.5613,254.0,296.9852,1145.0089,271.5358,317.48865,1224.0587,1015.4,0.0
2025-05-15 16:00:00+00:00,30.318,22.74836,64.0,33.356194,1011.8921,100.0,59.0,27.0,24140.0,0.26,0.49763307,1.5541131,18.79255,21.096123,21.385939,21.599998,126.430954,126.674446,126.09837,126.86998,31.68,27.668001,26.868,25.968,36.868,32.468,29.068,28.868,0.083,0.129,0.177,0.195,0.233,8.25,8.55,1.0,3600.0,24.935421,750.0,-1.3,0.0,4990.0,637.0,311.0,637.0,657.5455,321.03085,657.5455,326.0,341.4118,1278.3245,336.51465,352.42352,1319.5549,1015.2,0.0
2025-05-15 17:00:00+00:00,30.668001,22.55537,62.0,33.803104,1011.4972,100.0,40.0,21.0,16940.0,0.25,0.5681168,1.6736073,20.696087,23.000591,23.233252,23.740902,130.06073,129.92033,130.60121,130.69543,33.48,27.668001,26.968,26.068,39.067997,33.468,29.318,28.868,0.08,0.129,0.177,0.195,0.233,8.05,9.1,1.0,3600.0,24.927124,820.0,-1.3,0.0,4940.0,739.0,308.0,739.0,739.33655,308.14026,739.33655,431.0,432.5859,1333.8257,431.19626,432.7829,1334.4331,1014.8,0.0
2025-05-15 18:00:00+00:00,30.518,22.414133,62.0,33.339127,1010.7979,100.0,30.0,27.0,24140.0,0.23,0.5329215,1.6593626,20.371038,22.915916,23.1774,23.424908,133.56796,133.72705,133.11183,133.75471,33.839996,27.668001,26.968,26.068,37.567997,34.017998,29.668001,28.868,0.078,0.129,0.177,0.194,0.233,7.95,8.85,1.0,3600.0,24.791286,690.0,-1.5,-2.0,4940.0,681.0,377.0,681.0,660.1438,365.45407,660.1438,304.0,311.19754,1307.747,294.68976,301.66687,1267.696,1014.1,0.0
2025-05-15 19:00:00+00:00,30.318,22.488895,63.0,32.94573,1010.397,100.0,27.0,24.0,24140.0,0.22,0.50202405,1.597323,20.633371,23.441502,23.686249,23.686249,132.8789,132.5104,133.1524,133.1524,33.48,27.668001,26.968,26.068,36.267998,34.267998,29.968,28.868,0.076,0.129,0.177,0.194,0.233,6.6,7.8,1.0,3600.0,24.773235,750.0,-1.9,-4.0,4940.0,641.0,357.0,641.0,599.4146,333.83932,599.4146,284.0,316.32602,1201.8818,265.57526,295.8041,1123.9088,1013.7,0.0
2025-05-15 20:00:00+00:00,29.968,22.417463,64.0,32.204594,1010.09424,100.0,25.0,20.0,24140.0,0.20000002,0.445894,1.5233252,20.421871,23.233252,23.469128,23.740902,130.71075,130.60121,131.26851,130.69543,33.12,27.568,26.868,25.968,34.517998,34.218,30.268,28.868,0.075,0.128,0.177,0.193,0.232,5.15,6.1,1.0,3600.0,24.61609,810.0,-2.0,-5.0,4940.0,563.0,318.0,563.0,502.17218,283.64255,502.17218,245.0,320.45328,1023.46234,218.52963,285.83078,912.8852,1013.4,0.0
2025-05-15 21:00:00+00:00,29.418001,22.650213,67.0,31.833427,1009.9885,100.0,22.0,17.0,24140.0,0.18,0.34850347,1.3529155,19.681828,22.493519,22.725668,23.000591,129.80553,129.80553,130.50276,129.92033,32.760002,27.368,26.668001,25.768,32.567997,33.767998,30.468,28.868,0.075,0.128,0.177,0.193,0.232,3.1,4.0,1.0,3600.0,24.587084,850.0,-2.7,-7.0,4940.0,428.0,249.0,428.0,354.01367,205.95654,354.01367,179.0,305.37546,784.6602,148.05711,252.58662,649.0197,1013.3,0.0
2025-05-15 22:00:00+00:00,28.568,22.795069,71.0,31.410477,1010.27826,98.0,21.0,16.0,24140.0,0.14000002,0.22226016,1.1319528,17.339897,20.150354,20.390114,21.166653,131.63345,131.37842,132.13753,131.55252,30.239998,26.968,26.268,25.468,30.368,32.767998,30.618,28.868,0.076,0.128,0.177,0.193,0.232,1.6,1.95,1.0,3600.0,24.4133,890.0,-2.8,-17.0,4930.0,253.0,157.0,253.0,176.63153,109.60929,176.63153,96.0,256.11096,501.76215,67.02225,178.80345,350.30444,1013.6,0.0
2025-05-15 23:00:00+00:00,27.568,23.17249,77.0,31.046791,1010.66595,96.0,21.0,15.0,24140.0,0.10000001,0.09648718,0.8470049,14.512064,16.800856,17.057314,18.584509,136.00499,135.0001,135.85501,134.21527,28.08,26.368,25.768,24.968,28.068,31.468,30.668001,28.918001,0.077,0.128,0.176,0.193,0.232,0.35,0.45,1.0,2600.344,24.35995,910.0,-2.6,-12.0,4910.0,87.0,59.0,87.0,16.6345,11.280868,14.402253,28.0,167.22385,194.05617,5.353632,27.682758,37.103764,1014.0,0.0
2025-05-16 00:00:00+00:00,26.718,23.185158,81.0,30.567337,1011.1548,94.0,20.0,14.0,24120.0,0.06,0.025992446,0.66572356,12.031756,14.05845,14.565548,16.055355,141.07245,140.19447,140.01317,137.72638,25.56,25.968,25.368,24.668001,26.318,30.268,30.668001,28.918001,0.078,0.128,0.176,0.193,0.232,0.0,0.0,0.0,0.0,24.120863,910.0,-2.6,-17.0,4900.0,4.0,3.0,3.999999,0.0,0.0,0.0,1.0,19.918108,8.833697,0.0,0.0,0.0,1014.5,0.0
2025-05-16 01:00:00+00:00,26.268,23.149717,83.0,30.264336,1011.54834,63.0,13.0,9.0,24120.0,0.04,0.019968718,0.5800834,10.883676,12.682018,12.88981,14.336861,145.78424,145.40765,144.09018,141.1155,21.96,25.768,25.268,24.568,25.568,29.468,30.568,28.918001,0.079,0.128,0.176,0.193,0.232,0.0,0.0,0.0,0.0,23.96845,870.0,-2.4,-14.0,4880.0,0.0,0.0,0.0,0.0,0.0,0.0,0.0,0.0,0.0,0.0,0.0,0.0,1014.9,0.0
2025-05-16 02:00:00+00:00,25.968,23.2502,85.0,30.132526,1011.94385,31.0,7.0,5.0,12800.0,0.03,0.01388701,0.50285125,10.144082,11.792404,11.983188,12.88981,152.52565,148.73633,147.26479,144.09018,18.0,25.768,25.268,24.668001,25.418001,28.818,30.418001,28.918001,0.08,0.128,0.176,0.193,0.232,0.0,0.0,0.0,0.0,23.95632,810.0,-2.0,-15.0,4870.0,0.0,0.0,0.0,0.0,0.0,0.0,0.0,0.0,0.0,0.0,0.0,0.0,1015.3,0.0
2025-05-16 03:00:00+00:00,25.668001,23.149557,86.0,29.935612,1012.0401,0.0,0.0,0.0,24140.0,0.02,0.009049267,0.46107793,9.028754,10.464797,10.315115,11.183201,156.50142,153.43501,150.75127,146.82147,14.4,25.768,25.268,24.668001,25.268,28.268,30.218,28.918001,0.081,0.128,0.176,0.193,0.232,0.0,0.0,0.0,0.0,23.802479,760.0,-1.8,-13.0,4850.0,0.0,0.0,0.0,0.0,0.0,0.0,0.0,0.0,0.0,0.0,0.0,0.0,1015.4,0.0
2025-05-16 04:00:00+00:00,25.268,23.136715,88.0,29.849113,1011.5373,13.0,13.0,0.0,24140.0,0.01,0.00058381824,0.38594627,6.830519,7.42159,7.24486,7.9036193,161.56496,157.1663,153.43501,149.9315,12.599999,25.668001,25.168001,24.668001,24.868,27.818,30.018,28.918001,0.083,0.128,0.176,0.193,0.232,0.0,0.0,0.0,0.0,23.685833,740.0,-1.6,-12.0,4840.0,0.0,0.0,0.0,0.0,0.0,0.0,0.0,0.0,0.0,0.0,0.0,0.0,1014.9,0.0
2025-05-16 05:00:00+00:00,24.918001,23.163507,90.0,29.872948,1010.83575,25.0,25.0,0.0,24140.0,0.01,0.0,0.314996,4.379589,3.7585104,3.5455887,3.7064266,170.53775,163.30067,156.0375,150.9455,10.440001,25.668001,25.168001,24.568,24.468,27.468,29.818,28.968,0.084,0.127,0.176,0.193,0.232,0.0,0.0,0.0,0.0,23.613924,730.0,-1.1,-14.0,4820.0,0.0,0.0,0.0,0.0,0.0,0.0,0.0,0.0,0.0,0.0,0.0,0.0,1014.2,0.0
2025-05-16 06:00:00+00:00,24.568,23.181229,92.0,29.74939,1010.23364,38.0,38.0,0.0,24140.0,0.01,0.0,0.24679136,2.9024127,1.484318,1.08,1.1384199,187.12492,194.03627,180.0,161.56496,8.64,25.568,25.068,24.468,24.118,27.118,29.618,28.968,0.086,0.127,0.176,0.193,0.232,0.0,0.0,0.0,0.0,23.53818,720.0,-1.1,-17.0,4810.0,0.0,0.0,0.0,0.0,0.0,0.0,0.0,0.0,0.0,0.0,0.0,0.0,1013.6,0.0
2025-05-16 07:00:00+00:00,24.168001,23.140604,94.0,29.32574,1010.0299,34.0,34.0,0.0,24140.0,0.01,0.0,0.18072033,2.9024127,1.484318,0.71999997,0.71999997,187.12492,194.03627,180.0,180.0,7.92,25.468,24.968,24.368,23.568,26.768,29.418001,28.968,0.087,0.127,0.176,0.193,0.232,0.0,0.0,0.0,0.0,23.409094,710.0,-0.9,-17.0,4810.0,0.0,0.0,0.0,0.0,0.0,0.0,0.0,0.0,0.0,0.0,0.0,0.0,1013.4,0.0
2025-05-16 08:00:00+00:00,23.868,23.017664,95.0,28.848938,1009.9267,31.0,31.0,0.0,24140.0,-0.0,0.0,0.1479168,3.6179552,2.1897945,1.484318,1.1384199,174.2895,170.53775,165.96373,161.56496,7.5599995,25.268,24.768,24.168001,23.068,26.418001,29.168001,28.968,0.089,0.127,0.175,0.193,0.232,0.0,0.0,0.0,0.0,23.243439,710.0,-1.4,-21.0,4810.0,0.0,0.0,0.0,0.0,0.0,0.0,0.0,0.0,0.0,0.0,0.0,0.0,1013.3,0.0
2025-05-16 09:00:00+00:00,23.918001,23.067348,95.0,28.920475,1010.02704,27.0,27.0,0.0,24140.0,-0.0,0.0,0.14836025,3.671294,2.5455842,1.835647,1.484318,168.69011,171.86998,168.69011,165.96373,6.8399997,25.168001,24.668001,23.968,23.568,26.268,28.968,28.968,0.09,0.127,0.175,0.193,0.232,0.0,0.0,0.0,0.0,23.293259,730.0,-1.3,-32.0,4810.0,0.0,0.0,0.0,0.0,0.0,0.0,0.0,0.0,0.0,0.0,0.0,0.0,1013.4,0.0
2025-05-16 10:00:00+00:00,24.518,23.131744,92.0,29.76125,1010.4324,32.0,32.0,0.0,24140.0,-0.0,0.0,0.24605775,2.2768397,1.8,1.5273507,1.2979984,198.43504,216.86998,224.9999,236.3099,6.8399997,24.968,24.368,23.668001,25.618,26.268,28.768,28.968,0.091,0.127,0.175,0.193,0.232,0.0,0.0,0.0,0.0,23.488699,790.0,-1.3,-29.0,4830.0,0.0,0.0,0.0,0.0,0.0,0.0,0.0,0.0,0.0,0.0,0.0,0.0,1013.8,0.0
2025-05-16 11:00:00+00:00,25.518,23.193514,87.0,30.761177,1010.94214,38.0,38.0,0.0,24140.0,-0.0,0.021976126,0.42435503,2.52,2.8799999,2.9024127,2.968636,270.0,270.0,277.1249,284.03625,6.8399997,24.768,24.168001,23.368,28.618,26.368,28.518,28.918001,0.093,0.127,0.175,0.193,0.232,0.2,0.2,1.0,1611.2462,23.793625,870.0,-1.2,-48.0,4850.0,53.0,22.0,53.000004,115.56917,47.972107,75.21569,31.0,247.64513,109.031364,67.59706,351.449,237.74838,1014.3,0.0
2025-05-16 12:00:00+00:00,26.718,23.185158,81.0,31.87341,1011.25446,43.0,43.0,0.0,24140.0,0.02,0.12980427,0.66572356,3.0758414,3.319036,2.968636,3.0758414,290.55612,282.5288,284.03625,290.55612,6.8399997,25.068,24.368,23.468,31.618,26.968,28.418001,28.918001,0.093,0.127,0.175,0.193,0.232,1.25,1.35,1.0,3600.0,24.120863,960.0,-2.1,-4.0,4870.0,195.0,80.0,195.00002,270.35837,110.91625,270.3584,115.0,392.28406,392.32178,159.44211,543.8834,543.9357,1014.6,0.0
2025-05-16 13:00:00+00:00,28.368,23.061903,73.0,33.730236,1011.2728,44.0,44.0,0.0,24140.0,0.07000001,0.2551844,1.041709,1.1384199,0.5091169,0.35999998,0.35999998,341.56494,315.0001,360.0,360.0,9.72,26.168001,25.468,24.568,34.718,28.268,28.418001,28.918001,0.091,0.127,0.175,0.192,0.232,3.1,3.25,1.0,3600.0,24.526737,1060.0,-2.6,-3.0,4870.0,361.0,136.0,361.00003,432.58197,162.96716,432.582,225.0,438.72403,686.32294,269.6148,525.7177,822.4125,1014.6,0.0
2025-05-16 14:00:00+00:00,30.218,22.65382,64.0,34.979446,1011.0937,45.0,45.0,0.0,24140.0,0.13,0.39883268,1.5452621,3.6,4.0249224,4.452954,4.379589,90.0,100.30479,104.03627,99.46225,12.959999,27.768,26.968,26.068,37.817997,29.968,28.468,28.918001,0.089,0.127,0.175,0.192,0.232,5.35,5.35,1.0,3600.0,24.844183,1170.0,-2.8,0.0,4880.0,533.0,181.0,533.0,595.91113,202.36382,595.91113,352.0,499.57272,942.9173,393.5473,558.5384,1054.2119,1014.4,0.0
2025-05-16 15:00:00+00:00,31.518,22.255339,58.0,36.132015,1010.8086,46.0,46.0,0.0,24140.0,0.18,0.52557284,1.9414291,8.12197,9.0,9.107359,9.107359,102.80426,106.26028,108.43504,108.43504,15.84,28.768,27.968,27.068,39.918,31.518,28.618,28.918001,0.086,0.127,0.175,0.191,0.232,7.2,7.2,1.0,3600.0,25.017965,1240.0,-2.7,0.0,4880.0,674.0,217.0,674.0,720.4704,231.96155,720.4704,457.0,534.2844,1144.6315,488.50888,571.1218,1223.5505,1014.1,0.0
2025-05-16 16:00:00+00:00,31.768,22.202797,57.0,35.917015,1010.51245,64.0,41.0,6.0,24140.0,0.21000002,0.5878894,2.0160048,13.237039,14.986553,14.986553,15.137133,112.38018,114.102234,114.102234,115.34614,22.319998,28.768,27.968,27.068,40.618,32.817997,28.918001,28.918001,0.083,0.127,0.175,0.191,0.232,8.5,8.5,1.0,3600.0,25.067389,1250.0,-3.2,0.0,4890.0,742.0,244.0,742.0,765.9088,251.8622,765.9088,498.0,521.55945,1277.7318,514.04663,538.3652,1318.9031,1013.8,0.0
2025-05-16 17:00:00+00:00,31.418001,22.442936,59.0,34.7417,1010.2097,82.0,36.0,11.0,16100.0,0.23,0.5873963,1.8844562,19.164717,20.94507,21.434364,21.611996,118.00909,118.767555,119.14798,119.98155,29.16,28.368,27.568,26.668001,40.317997,33.918,29.268,28.918001,0.08,0.127,0.174,0.19,0.231,9.05,9.05,1.0,3600.0,25.099806,1240.0,-2.5,0.0,4900.0,741.0,261.0,741.0,741.34674,261.12213,741.34674,480.0,481.7968,1333.1644,480.22458,482.02228,1333.7882,1013.5,0.0
2025-05-16 18:00:00+00:00,31.018,22.616753,61.0,33.757042,1009.8065,100.0,31.0,17.0,15880.0,0.24,0.54871255,1.7522295,21.924562,24.20314,24.514387,24.696104,119.511406,120.37905,119.953514,120.67721,35.64,27.968,27.168001,26.268,39.317997,34.618,29.618,28.918001,0.077,0.127,0.174,0.19,0.231,7.7,8.8,1.0,3600.0,25.077654,1240.0,-2.1,0.0,4910.0,690.0,272.0,690.0,668.9068,263.685,668.9068,418.0,427.9011,1307.1683,405.2218,414.8202,1267.2083,1013.1,0.0
2025-05-16 19:00:00+00:00,30.768,22.649534,62.0,33.576324,1009.40533,100.0,22.0,13.0,15460.0,0.22,0.4907831,1.6831605,18.998316,21.261345,21.261345,21.261345,117.05052,118.30067,118.30067,118.30067,31.319998,27.968,27.268,26.368,37.468,34.718,29.918001,28.918001,0.074,0.127,0.174,0.19,0.231,5.6,7.7,1.0,3600.0,25.01768,1280.0,-2.3,-2.0,4920.0,609.0,284.0,609.0,569.55927,265.60727,569.55927,325.0,361.94202,1201.5316,303.952,338.5015,1123.7166,1012.7,0.0
2025-05-16 20:00:00+00:00,30.468,22.630428,63.0,33.78034,1008.9034,100.0,14.0,10.0,24140.0,0.19,0.40316814,1.6110544,13.441071,14.707222,14.707222,14.84318,110.37652,111.541046,111.541046,112.833694,26.64,28.168001,27.368,26.468,34.918,34.418,30.218,28.918001,0.071,0.127,0.174,0.189,0.231,4.0,6.05,1.0,3600.0,24.909586,1340.0,-2.4,-6.0,4930.0,494.0,279.0,494.0,440.73138,248.9151,440.73138,215.0,281.09103,1023.4688,191.8163,250.78065,913.10693,1012.2,0.0
2025-05-16 21:00:00+00:00,29.918001,22.625399,65.0,33.850025,1008.79803,100.0,5.0,6.0,24140.0,0.16,0.28996903,1.4767406,9.178235,9.9571085,9.605998,9.605998,101.3099,102.5288,102.99462,102.99462,22.319998,28.068,27.368,26.468,32.468,33.767998,30.468,28.918001,0.075,0.127,0.174,0.189,0.231,3.75,3.95,1.0,3600.0,24.730488,1400.0,-2.6,-12.0,4940.0,352.0,232.0,352.0,291.30298,191.99513,291.30298,120.0,204.51059,785.1286,99.30783,169.24586,649.7452,1012.1,0.0
2025-05-16 22:00:00+00:00,29.018,22.991566,70.0,33.441925,1009.1867,100.0,20.0,6.0,24140.0,0.13,0.16796128,1.2018416,7.2805495,8.049845,7.69592,7.69592,98.530685,100.30479,100.784256,100.784256,17.64,27.668001,26.968,26.068,30.218,32.668,30.568,28.918001,0.091,0.127,0.174,0.189,0.231,1.75,1.95,1.0,2032.3518,24.680885,1460.0,-2.6,-13.0,4920.0,197.0,149.0,197.0,137.76405,104.19718,137.76405,48.0,127.74506,502.7646,33.56688,89.33339,351.5883,1012.5,0.0
2025-05-16 23:00:00+00:00,27.918001,23.511204,77.0,32.809654,1009.8723,100.0,36.0,7.0,15480.0,0.09,0.064013556,0.8644347,6.2145634,7.342588,7.072878,6.9899354,100.00792,101.3099,104.743614,101.88863,13.32,27.068,26.268,25.368,28.068,31.268,30.618,28.918001,0.113,0.128,0.173,0.189,0.231,0.45,0.45,1.0,0.0,24.693113,1510.0,-2.8,-28.0,4890.0,64.0,56.0,64.0,12.74678,11.153433,11.094868,8.0,47.625465,195.62859,1.5933475,8.256223,38.96304,1013.2,0.0
2025-05-17 00:00:00+00:00,26.918001,23.583426,82.0,31.996948,1010.55896,100.0,51.0,7.0,4160.0,0.06,0.012636973,0.6381073,5.2416787,6.379216,6.489992,6.379216,105.945465,106.38962,109.440125,106.38962,8.64,26.468,25.768,24.868,26.418001,30.068,30.618,28.918001,0.129,0.128,0.173,0.189,0.231,0.0,0.0,0.0,0.0,24.455627,1520.0,-2.4,-27.0,4870.0,3.0,3.0,3.0,0.0,0.0,0.0,0.0,0.0,9.765883,0.0,0.0,0.0,1013.9,0.0
2025-05-17 01:00:00+00:00,26.168001,23.640223,86.0,31.389275,1011.049,79.0,43.0,5.0,16240.0,0.04,0.0,0.47488236,4.510787,5.154415,5.0142193,4.896529,118.61037,114.775116,111.03758,107.10281,8.28,26.068,25.468,24.568,25.518,29.218,30.518,28.918001,0.132,0.129,0.173,0.189,0.231,0.0,0.0,0.0,0.0,24.29017,1440.0,-2.7,-20.0,4870.0,0.0,0.0,0.0,0.0,0.0,0.0,0.0,0.0,0.0,0.0,0.0,0.0,1014.4,0.0
2025-05-17 02:00:00+00:00,25.618,23.481173,88.0,30.843185,1011.44165,57.0,36.0,2.0,24140.0,0.03,0.0,0.39402914,3.8268526,4.1046314,4.0249224,3.0758414,138.81418,127.875046,116.56499,110.55613,7.5599995,25.768,25.168001,24.468,25.068,28.518,30.368,28.968,0.13,0.129,0.173,0.189,0.231,0.0,0.0,0.0,0.0,24.02892,1310.0,-2.7,-12.0,4860.0,0.0,0.0,0.0,0.0,0.0,0.0,0.0,0.0,0.0,0.0,0.0,0.0,1014.8,0.0
2025-05-17 03:00:00+00:00,25.118,23.360895,90.0,30.28891,1011.6354,36.0,28.0,0.0,24140.0,0.02,0.0,0.31876087,3.7064266,3.319036,2.9024127,1.9386592,150.9455,139.39879,119.74479,111.801476,7.2,25.468,24.968,24.368,24.718,27.918001,30.168001,28.968,0.127,0.13,0.173,0.189,0.231,0.0,0.0,0.0,0.0,23.810917,1190.0,-2.4,-11.0,4860.0,0.0,0.0,0.0,0.0,0.0,0.0,0.0,0.0,0.0,0.0,0.0,0.0,1015.0,0.0
2025-05-17 04:00:00+00:00,24.768,23.198187,91.0,29.88721,1011.33215,35.0,30.0,0.0,24140.0,0.01,0.0,0.28097343,3.396233,2.8116899,2.5959969,1.609969,147.99466,140.19447,123.690094,116.56499,6.4799995,25.368,24.768,24.268,24.318,27.418001,29.968,28.968,0.127,0.13,0.173,0.189,0.231,0.0,0.0,0.0,0.0,23.6012,1090.0,-2.3,-10.0,4830.0,0.0,0.0,0.0,0.0,0.0,0.0,0.0,0.0,0.0,0.0,0.0,0.0,1014.7,0.0
2025-05-17 05:00:00+00:00,24.518,22.951107,91.0,29.502464,1010.83105,35.0,32.0,0.0,24140.0,0.01,0.0,0.2768197,3.319036,2.3051248,2.4149535,1.609969,139.39879,128.65984,116.56499,116.56499,5.7599998,25.368,24.668001,24.168001,24.018,27.018,29.718,28.968,0.127,0.131,0.173,0.189,0.231,0.0,0.0,0.0,0.0,23.35437,1010.0,-2.5,-9.0,4800.0,0.0,0.0,0.0,0.0,0.0,0.0,0.0,0.0,0.0,0.0,0.0,0.0,1014.2,0.0
2025-05-17 06:00:00+00:00,24.318,22.75344,91.0,29.261013,1010.43005,34.0,34.0,0.0,24140.0,0.01,0.0,0.2735355,2.8116899,1.8,1.8,1.2979984,140.19447,126.86999,126.86999,123.690094,5.04,25.268,24.568,23.968,23.768,26.668001,29.468,28.968,0.127,0.131,0.173,0.189,0.231,0.0,0.0,0.0,0.0,23.156908,960.0,-2.3,-17.0,4770.0,0.0,0.0,0.0,0.0,0.0,0.0,0.0,0.0,0.0,0.0,0.0,0.0,1013.8,0.0
2025-05-17 07:00:00+00:00,23.968,22.587421,92.0,28.854012,1010.227,40.0,40.0,0.0,24140.0,0.01,0.0,0.23810244,2.5455842,1.1384199,0.8049845,0.5091169,171.86998,198.43504,206.56499,315.0001,5.7599998,24.968,24.368,23.668001,23.268,26.318,29.268,28.968,0.127,0.131,0.173,0.189,0.231,0.0,0.0,0.0,0.0,22.944412,960.0,-1.8,-36.0,4860.0,0.0,0.0,0.0,0.0,0.0,0.0,0.0,0.0,0.0,0.0,0.0,0.0,1013.6,0.0
2025-05-17 08:00:00+00:00,23.618,22.418758,93.0,28.26168,1010.12317,46.0,46.0,0.0,24140.0,-0.0,0.0,0.2040093,3.5455887,2.7416782,2.9024127,2.9024127,203.9625,246.80138,262.8751,299.74478,6.12,24.668001,24.068,23.368,22.818,25.968,29.018,28.968,0.128,0.132,0.172,0.189,0.231,0.0,0.0,0.0,0.0,22.73022,1000.0,-1.1,-60.0,4940.0,0.0,0.0,0.0,0.0,0.0,0.0,0.0,0.0,0.0,0.0,0.0,0.0,1013.5,0.0
2025-05-17 09:00:00+00:00,23.668001,22.468311,93.0,28.224888,1010.2235,52.0,52.0,0.0,24140.0,-0.0,0.0,0.20462298,4.3349743,4.1046314,4.32,4.510787,221.63345,254.74483,270.0,298.61035,6.8399997,24.468,23.868,23.168001,23.268,25.818,28.818,28.968,0.128,0.132,0.172,0.189,0.231,0.0,0.0,0.0,0.0,22.779816,1030.0,-0.7,-70.0,5030.0,0.0,0.0,0.0,0.0,0.0,0.0,0.0,0.0,0.0,0.0,0.0,0.0,1013.6,0.0
2025-05-17 10:00:00+00:00,24.268,22.704025,91.0,29.024502,1010.6292,53.0,53.0,0.0,24140.0,-0.0,0.0,0.2727201,3.8939953,4.379589,4.32,4.6800003,236.3099,260.53775,270.0,292.6199,6.4799995,24.368,23.768,23.068,25.268,25.818,28.568,28.968,0.128,0.132,0.172,0.189,0.231,0.0,0.0,0.0,0.0,23.107542,1050.0,-0.9,-54.0,5100.0,0.0,0.0,0.0,0.0,0.0,0.0,0.0,0.0,0.0,0.0,0.0,0.0,1014.0,0.0
2025-05-17 11:00:00+00:00,25.268,23.136715,88.0,30.361202,1011.1386,54.0,54.0,0.0,24140.0,-0.0,0.023206767,0.38594627,3.319036,3.6179552,3.96,4.1046314,257.4712,264.2895,270.0,285.25516,6.12,24.468,23.768,22.968,28.168001,25.968,28.368,28.968,0.128,0.133,0.172,0.189,0.231,0.0,0.0,1.0,1628.0171,23.685833,1070.0,-1.4,-24.0,5180.0,53.0,23.0,52.99999,115.51974,50.131207,75.33202,30.0,238.75621,109.61186,65.38853,339.3583,238.91194,1014.5,0.0
2025-05-17 12:00:00+00:00,26.418001,23.494734,84.0,31.837074,1011.55023,55.0,55.0,0.0,24140.0,0.02,0.12735894,0.55078745,2.5455842,2.52,2.52,2.9024127,278.13,270.0,270.0,277.1249,5.7599998,24.868,24.168001,23.268,31.018,26.568,28.218,28.968,0.127,0.133,0.172,0.189,0.231,0.5,0.5,1.0,3600.0,24.254007,1090.0,-1.9,-2.0,5250.0,195.0,82.0,195.00003,270.0553,113.56171,270.05533,113.0,384.43195,393.2047,156.49358,532.3994,544.54877,1014.9,0.0
2025-05-17 13:00:00+00:00,27.818,23.41443,77.0,33.36834,1011.6654,56.0,56.0,0.0,24140.0,0.07000001,0.24902369,0.85942316,1.2979984,0.8049845,0.8049845,1.1384199,303.6901,296.56497,296.56497,288.43503,7.5599995,25.868,25.068,24.168001,33.517998,27.768,28.168001,28.968,0.125,0.133,0.172,0.189,0.231,1.8,1.8,1.0,3600.0,24.597923,1120.0,-2.1,4.0,5250.0,354.0,136.0,354.0,424.0353,162.90622,424.0353,218.0,424.67017,686.68384,261.1291,508.68683,822.53723,1015.0,0.0
2025-05-17 14:00:00+00:00,29.418001,22.894587,68.0,34.61123,1011.683,56.0,56.0,0.0,24140.0,0.13,0.37709478,1.3118861,1.609969,1.9386592,1.835647,1.835647,63.435013,68.19853,78.6901,78.6901,9.0,27.168001,26.368,25.468,35.968,29.368,28.268,28.918001,0.122,0.134,0.172,0.188,0.23,3.55,3.55,1.0,3600.0,24.743229,1160.0,-2.3,2.0,5240.0,514.0,173.0,514.0,574.57196,193.38705,574.57196,341.0,483.7965,942.8358,381.18488,540.80914,1053.9435,1015.0,0.0
2025-05-17 15:00:00+00:00,30.718,22.334854,61.0,35.87469,1011.4978,57.0,57.0,0.0,24140.0,0.19,0.49863213,1.7225902,4.379589,5.0911684,5.1544156,5.1544156,99.46225,98.13002,102.09474,102.09474,10.799999,28.168001,27.368,26.468,38.168,31.018,28.418001,28.918001,0.117,0.134,0.172,0.188,0.23,5.2,5.2,1.0,3600.0,24.807028,1190.0,-2.4,0.0,5240.0,658.0,196.0,658.0,703.3125,209.49734,703.3125,462.0,540.0958,1144.2157,493.81516,577.289,1223.011,1014.8,0.0
2025-05-17 16:00:00+00:00,31.618,22.063053,57.0,36.47553,1011.0093,43.0,43.0,0.0,21900.0,0.24,0.59939957,1.998985,9.511088,10.315115,10.495713,10.495713,119.4758,119.24873,120.96369,120.96369,18.72,28.668001,27.868,26.968,40.567997,32.817997,28.718,28.918001,0.109,0.134,0.172,0.188,0.23,6.7,6.7,1.0,3600.0,24.934248,1220.0,-2.5,0.0,5200.0,772.0,211.0,772.0,796.85583,217.79349,796.85583,561.0,587.5735,1277.1144,579.0623,606.4914,1318.2332,1014.3,0.0
2025-05-17 17:00:00+00:00,32.218,22.330688,56.0,36.513176,1010.4176,28.0,28.0,0.0,19640.0,0.28000003,0.6650385,2.1159692,16.135872,17.429354,17.654688,17.884428,128.65984,128.2902,129.2072,130.10085,27.0,28.768,27.968,27.068,42.718,34.618,29.118,28.918001,0.099,0.134,0.172,0.187,0.229,8.1,8.1,1.0,3600.0,25.290487,1240.0,-2.5,0.0,5160.0,846.0,215.0,846.0,846.41,215.10419,846.41,631.0,633.41235,1332.4911,631.3058,633.7193,1333.1368,1013.7,0.0
2025-05-17 18:00:00+00:00,32.318,22.423635,56.0,35.856705,1009.92017,14.0,14.0,0.0,17400.0,0.29000002,0.68028957,2.127912,21.437386,23.469128,23.708124,23.950148,130.91429,131.26851,131.92245,132.56331,34.92,28.768,27.968,27.068,43.168,35.817997,29.518,28.918001,0.091,0.134,0.172,0.187,0.229,8.75,8.75,1.0,3600.0,25.378872,1270.0,-2.5,0.0,5120.0,863.0,203.0,863.0,836.6692,196.8063,836.6692,660.0,675.6458,1306.5879,639.86285,655.0314,1266.7229,1013.2,0.0
2025-05-17 19:00:00+00:00,31.768,22.488747,58.0,34.591064,1009.5157,20.0,20.0,0.0,16960.0,0.27,0.639834,1.9690683,24.798225,27.609911,27.841293,28.075384,129.69904,129.70987,130.27979,130.84027,38.519997,28.468,27.668001,26.768,40.817997,36.067997,29.968,28.918001,0.086,0.134,0.172,0.187,0.229,8.35,8.35,1.0,3600.0,25.240793,1340.0,-2.6,-1.0,5030.0,821.0,168.0,821.0,767.9249,157.13933,767.9249,653.0,727.1247,1201.1865,610.7856,680.11835,1123.5337,1012.8,0.0
2025-05-17 20:00:00+00:00,30.718,22.866299,63.0,32.942375,1009.30493,26.0,26.0,0.0,16520.0,0.22,0.54462993,1.6341681,27.0,30.532158,31.037344,31.259941,126.86999,127.815796,127.933334,128.45374,41.760002,27.868,27.068,26.268,36.767998,35.668,30.368,28.918001,0.083,0.133,0.171,0.186,0.229,7.25,7.25,1.0,3600.0,25.136835,1410.0,-2.7,-2.0,4930.0,718.0,125.0,718.0,640.731,111.54788,640.731,593.0,774.94635,1023.4853,529.18317,691.549,913.3409,1012.6,0.0
2025-05-17 21:00:00+00:00,29.668001,22.887945,67.0,31.143024,1009.1939,32.0,32.0,0.0,16080.0,0.17,0.41745296,1.3724787,27.07669,31.39233,31.89608,32.399998,125.80344,126.60716,126.740654,126.86999,45.36,27.368,26.568,25.768,33.118,34.918,30.718,28.918001,0.081,0.133,0.171,0.186,0.229,5.9,5.9,1.0,3600.0,24.817627,1420.0,-2.6,-5.0,4840.0,544.0,91.0,544.0,450.4309,75.34782,450.4309,453.0,771.2284,785.6084,375.0831,638.57556,650.4822,1012.5,0.0
2025-05-17 22:00:00+00:00,28.618,22.842966,71.0,30.520035,1009.38184,40.0,33.0,14.0,18760.0,0.13,0.26583594,1.1352315,23.979893,28.296091,29.088802,30.096085,125.837746,126.7242,126.444534,126.73292,40.32,26.868,26.068,25.368,30.468,33.668,30.918001,28.918001,0.081,0.133,0.171,0.186,0.229,4.2,4.2,1.0,3600.0,24.460028,1320.0,-2.3,-12.0,4830.0,319.0,67.0,319.0,223.44975,46.931454,223.44975,252.0,669.03033,503.77658,176.5183,468.6353,352.8801,1012.7,0.0
2025-05-17 23:00:00+00:00,27.568,22.956396,76.0,30.221252,1009.66925,48.0,35.0,28.0,21420.0,0.08,0.11789315,0.8838501,19.296135,23.113008,23.904108,25.199997,126.656204,127.40543,127.042564,126.86999,34.92,26.368,25.668001,24.868,28.168001,32.068,30.968,28.968,0.082,0.132,0.171,0.186,0.229,2.25,2.25,1.0,2951.3896,24.214193,1170.0,-1.8,-22.0,4830.0,108.0,32.0,107.99998,22.356794,6.624235,19.561674,76.0,450.99078,197.20515,15.732558,81.686455,40.822914,1013.0,0.0
2025-05-18 00:00:00+00:00,26.718,22.979774,80.0,30.035679,1010.0585,56.0,36.0,42.0,24100.0,0.050000004,0.03632089,0.70077586,14.84318,18.161278,19.228851,20.523157,129.09386,129.3693,128.15727,127.875046,29.88,25.968,25.268,24.568,26.468,30.668001,30.968,28.968,0.083,0.132,0.171,0.186,0.229,0.8,0.8,0.0,0.0,23.978851,1020.0,-1.4,-31.0,4820.0,5.0,2.0,5.0000014,0.0,0.0,0.0,3.0,58.13083,10.696939,0.0,0.0,0.0,1013.4,0.0
2025-05-18 01:00:00+00:00,26.218,22.900589,82.0,29.909302,1010.4517,52.0,35.0,37.0,22200.0,0.03,0.025009898,0.6124127,11.966954,14.264361,15.30741,16.595179,133.7812,132.95459,131.18582,130.60121,24.48,25.668001,25.068,24.368,25.668001,29.718,30.868,28.968,0.084,0.132,0.171,0.186,0.229,0.2,0.2,0.0,0.0,23.779926,900.0,-1.2,-38.0,4900.0,0.0,0.0,0.0,0.0,0.0,0.0,0.0,0.0,0.0,0.0,0.0,0.0,1013.8,0.0
2025-05-18 02:00:00+00:00,25.868,22.95659,84.0,29.959824,1010.8462,47.0,33.0,31.0,20320.0,0.03,0.013669353,0.53323007,9.449572,11.246759,11.720751,12.7279215,139.63554,140.19447,137.4896,135.0001,19.08,25.568,24.968,24.368,25.468,29.068,30.668001,28.968,0.085,0.131,0.171,0.186,0.229,0.05,0.05,0.0,0.0,23.720285,790.0,-1.2,-45.0,4980.0,0.0,0.0,0.0,0.0,0.0,0.0,0.0,0.0,0.0,0.0,0.0,0.0,1014.2,0.0
2025-05-18 03:00:00+00:00,25.618,22.90723,85.0,29.879436,1011.043,43.0,32.0,26.0,18420.0,0.02,0.008106382,0.49256468,8.0899935,9.085988,9.290511,10.009036,147.72438,146.3099,144.46223,142.3057,13.679999,25.368,24.868,24.268,25.318,28.468,30.468,28.968,0.086,0.131,0.171,0.186,0.229,0.0,0.0,0.0,0.0,23.615803,700.0,-1.1,-49.0,5060.0,0.0,0.0,0.0,0.0,0.0,0.0,0.0,0.0,0.0,0.0,0.0,0.0,1014.4,0.0
2025-05-18 04:00:00+00:00,25.368,22.85515,86.0,29.651821,1010.7412,46.0,35.0,27.0,20320.0,0.01,0.0054844124,0.45296526,7.729527,8.39657,8.39657,9.085988,152.24155,149.03632,149.03632,146.3099,12.959999,25.168001,24.768,24.168001,25.018,28.018,30.268,28.968,0.087,0.131,0.171,0.186,0.229,0.0,0.0,0.0,0.0,23.509861,650.0,-1.0,-50.0,5060.0,0.0,0.0,0.0,0.0,0.0,0.0,0.0,0.0,0.0,0.0,0.0,0.0,1014.1,0.0
2025-05-18 05:00:00+00:00,25.168001,22.849545,87.0,29.44881,1010.2406,48.0,37.0,29.0,22240.0,0.01,0.0039048363,0.41564322,7.729527,8.707237,8.707237,9.085988,152.24155,150.2552,150.2552,146.3099,12.599999,25.068,24.568,23.968,24.818,27.668001,30.068,29.018,0.089,0.131,0.17,0.186,0.229,0.0,0.0,0.0,0.0,23.451387,630.0,-0.9,-48.0,5050.0,0.0,0.0,0.0,0.0,0.0,0.0,0.0,0.0,0.0,0.0,0.0,0.0,1013.6,0.0
2025-05-18 06:00:00+00:00,24.918001,22.79225,88.0,29.165668,1009.83905,51.0,40.0,30.0,24140.0,0.01,0.0022925078,0.3780098,7.729527,8.39657,8.39657,8.587338,152.24155,149.03632,149.03632,146.97614,11.879999,24.968,24.468,23.868,24.568,27.368,29.868,29.018,0.09,0.131,0.17,0.186,0.229,0.0,0.0,0.0,0.0,23.34275,610.0,-0.8,-46.0,5050.0,0.0,0.0,0.0,0.0,0.0,0.0,0.0,0.0,0.0,0.0,0.0,0.0,1013.2,0.0
2025-05-18 07:00:00+00:00,24.518,22.768724,90.0,28.869835,1009.635,43.0,30.0,25.0,24140.0,0.01,0.0,0.30758286,6.9247384,7.5942082,7.289445,7.289445,152.10283,148.57048,147.09476,147.09476,10.799999,24.868,24.368,23.868,23.968,27.018,29.668001,29.018,0.091,0.131,0.17,0.186,0.229,0.0,0.0,0.0,0.0,23.219927,560.0,-0.6,-43.0,5090.0,0.0,0.0,0.0,0.0,0.0,0.0,0.0,0.0,0.0,0.0,0.0,0.0,1013.0,0.0
2025-05-18 08:00:00+00:00,24.118,22.555779,91.0,28.487774,1009.6306,34.0,21.0,20.0,24140.0,0.01,0.0,0.2702849,5.95906,6.297428,6.193674,5.991594,154.98314,149.03632,144.46223,147.26479,10.08,24.868,24.268,23.768,23.368,26.668001,29.418001,29.018,0.093,0.13,0.17,0.186,0.229,0.0,0.0,0.0,0.0,22.959444,510.0,-0.4,-40.0,5120.0,0.0,0.0,0.0,0.0,0.0,0.0,0.0,0.0,0.0,0.0,0.0,0.0,1013.0,0.0
2025-05-18 09:00:00+00:00,24.068,22.506357,91.0,28.595928,1009.7296,26.0,11.0,15.0,24140.0,0.01,0.0,0.26947832,4.6800003,4.6938257,4.6102495,4.39436,157.3801,147.52882,141.34016,145.0079,9.0,24.868,24.268,23.768,23.718,26.518,29.218,29.018,0.094,0.13,0.17,0.186,0.229,0.0,0.0,0.0,0.0,22.91008,490.0,-0.4,-35.0,5160.0,0.0,0.0,0.0,0.0,0.0,0.0,0.0,0.0,0.0,0.0,0.0,0.0,1013.1,0.0
2025-05-18 10:00:00+00:00,24.568,22.447779,88.0,29.372963,1010.23364,30.0,20.0,10.0,24140.0,0.01,0.0,0.37021518,2.5455842,2.4149535,2.4149535,2.2768397,171.86998,153.43501,153.43501,161.56496,7.2,24.768,24.168001,23.568,25.468,26.418001,28.968,29.018,0.095,0.13,0.17,0.186,0.229,0.0,0.0,0.0,0.0,22.999664,510.0,-0.7,-27.0,5150.0,0.0,0.0,0.0,0.0,0.0,0.0,0.0,0.0,0.0,0.0,0.0,0.0,1013.6,0.0
2025-05-18 11:00:00+00:00,25.468,22.565197,84.0,30.521194,1010.9414,33.0,28.0,5.0,24140.0,0.01,0.01932978,0.52076936,1.2979984,1.1384199,0.8049845,1.2979984,236.3099,251.56496,243.43501,236.3099,5.3999996,24.668001,23.968,23.268,28.168001,26.468,28.768,28.968,0.097,0.13,0.17,0.186,0.229,0.0,0.0,1.0,1643.8837,23.332125,560.0,-1.2,-17.0,5140.0,53.0,24.0,53.000008,115.4736,52.289932,75.43953,29.0,229.98586,110.153366,63.18367,327.35892,239.99634,1014.3,0.0
2025-05-18 12:00:00+00:00,26.568,22.626486,79.0,31.678322,1011.4521,37.0,37.0,0.0,24140.0,0.02,0.12403214,0.72938013,1.1384199,1.1384199,1.1384199,1.08,288.43503,288.43503,288.43503,270.0,3.6,24.968,24.268,23.368,31.168001,27.018,28.618,28.968,0.097,0.13,0.17,0.186,0.229,0.5,0.5,1.0,3600.0,23.692917,630.0,-1.7,-9.0,5130.0,192.0,84.0,192.0,265.62018,116.20883,265.62018,108.0,366.51355,394.0132,149.41136,507.04892,545.093,1014.8,0.0
2025-05-18 13:00:00+00:00,28.118,22.594173,72.0,33.163372,1011.66864,42.0,42.0,0.0,21540.0,0.06,0.24881186,1.0647674,1.4399999,1.835647,1.835647,1.9386592,90.0,101.3099,101.3099,111.801476,8.64,25.968,25.268,24.268,34.618,28.318,28.568,28.968,0.095,0.13,0.17,0.186,0.229,1.8,1.8,1.0,3600.0,24.142433,700.0,-2.2,-4.0,5140.0,352.0,143.0,352.0,421.4914,171.23087,421.4914,209.0,406.79004,686.9822,250.26051,487.09796,822.6053,1015.0,0.0
2025-05-18 14:00:00+00:00,29.918001,22.370188,64.0,34.176197,1011.78827,47.0,47.0,0.0,18960.0,0.10000001,0.3914902,1.5189703,5.937272,6.489992,6.489992,6.6185193,104.03627,109.440125,109.440125,112.38018,13.32,27.368,26.568,25.668001,38.317997,30.118,28.668001,28.968,0.093,0.129,0.169,0.186,0.228,3.6,3.6,1.0,3600.0,24.570473,790.0,-2.7,-2.0,5140.0,517.0,189.0,517.0,577.8357,211.23973,577.8357,328.0,465.22238,942.7037,366.59595,519.96533,1053.6321,1015.1,0.0
2025-05-18 15:00:00+00:00,31.318,22.068596,58.0,35.495747,1011.7035,52.0,52.0,0.0,16360.0,0.15,0.52444583,1.9195628,10.028439,10.966713,10.966713,11.113451,111.03758,113.19862,113.19862,114.90474,18.359999,28.368,27.568,26.668001,41.218,31.918001,28.818,28.968,0.089,0.129,0.169,0.186,0.228,5.25,5.25,1.0,3600.0,24.839705,890.0,-3.1,0.0,5150.0,669.0,215.0,669.0,715.0201,229.78972,715.0201,454.0,530.7305,1143.7635,485.23038,567.23914,1222.4423,1015.0,0.0
2025-05-18 16:00:00+00:00,32.068,22.191269,56.0,36.462193,1011.3131,43.0,43.0,0.0,16340.0,0.19,0.62775534,2.098165,13.53236,14.8257065,15.0038395,15.1884165,118.61037,119.05451,120.256355,121.42952,23.4,28.768,27.968,27.068,43.118,33.817997,29.118,28.968,0.084,0.129,0.169,0.186,0.228,6.75,6.75,1.0,3600.0,25.157917,1040.0,-3.3,1.0,5120.0,797.0,218.0,797.0,822.64465,225.01448,822.64465,579.0,606.47577,1276.4741,597.6302,625.99005,1317.5466,1014.6,0.0
2025-05-18 17:00:00+00:00,32.418,22.516577,56.0,36.80964,1010.8184,34.0,34.0,0.0,16320.0,0.23,0.6922959,2.1399138,17.373497,18.875126,19.083395,19.296135,124.019394,124.902565,125.78906,126.656204,28.44,28.768,27.968,27.068,44.218,35.767998,29.568,28.968,0.079,0.129,0.169,0.185,0.227,8.1,8.1,1.0,3600.0,25.46725,1210.0,-3.4,1.0,5100.0,885.0,200.0,885.0,885.4475,200.10114,885.4475,685.0,687.68365,1331.807,685.3464,688.0314,1332.4805,1014.1,0.0
2025-05-18 18:00:00+00:00,32.418,22.808283,57.0,36.575577,1010.32007,25.0,25.0,0.0,16300.0,0.25,0.7019386,2.0912216,20.304129,22.322903,22.545315,22.771244,127.07316,127.79401,128.51695,129.22566,33.48,28.668001,27.868,26.968,43.968,37.017998,30.018,28.968,0.075,0.129,0.169,0.185,0.227,8.75,8.75,1.0,3600.0,25.644325,1290.0,-3.5,0.0,5070.0,905.0,172.0,905.0,877.4444,166.76291,877.4444,733.0,750.39575,1306.0068,710.68146,727.54755,1266.2412,1013.6,0.0
2025-05-18 19:00:00+00:00,32.017998,22.72214,58.0,35.509296,1009.8172,17.0,17.0,0.0,18900.0,0.23,0.65683883,1.9970465,22.322903,24.850431,25.076267,25.076267,127.79401,128.53021,129.17365,129.17365,35.64,28.568,27.768,26.868,41.618,37.218,30.468,28.968,0.073,0.129,0.169,0.185,0.227,8.35,8.35,1.0,3600.0,25.46362,1210.0,-3.5,-1.0,5050.0,848.0,139.0,848.0,793.2795,130.03049,793.2795,709.0,789.3726,1200.8494,663.249,738.4353,1123.3599,1013.1,0.0
2025-05-18 20:00:00+00:00,31.218,22.2558,59.0,33.635746,1009.2107,10.0,10.0,0.0,21520.0,0.19,0.5671564,1.8632169,23.688984,26.712873,26.649727,26.932714,126.34755,127.333275,128.41809,127.94221,38.16,28.268,27.568,26.668001,37.868,36.767998,30.968,29.018,0.072,0.128,0.169,0.185,0.227,7.25,7.25,1.0,3600.0,24.920813,1050.0,-3.5,-2.0,5020.0,724.0,104.0,724.0,646.2411,92.830215,646.2411,620.0,809.8692,1023.5137,553.4109,722.88776,913.5864,1012.5,0.0
2025-05-18 21:00:00+00:00,30.318,22.225801,62.0,31.904758,1009.00146,2.0,2.0,0.0,24120.0,0.15,0.4387392,1.6405346,23.688984,27.0,27.217524,27.504093,126.34755,126.86999,127.47626,127.01997,40.32,27.968,27.268,26.368,34.368,35.918,31.318,29.018,0.072,0.128,0.169,0.185,0.227,5.9,5.9,1.0,3600.0,24.610174,920.0,-3.3,-6.0,5000.0,543.0,75.0,543.0,449.8381,62.132336,449.8381,468.0,795.93475,786.0998,387.70578,659.37714,651.2296,1012.3,0.0
2025-05-18 22:00:00+00:00,29.268,22.507578,67.0,31.310356,1009.18945,11.0,11.0,0.0,24120.0,0.11,0.28345114,1.3412938,21.67786,25.488914,25.992401,26.574244,125.537766,126.384445,126.55257,125.628,37.8,27.468,26.868,25.968,31.418001,34.567997,31.518,29.018,0.072,0.128,0.169,0.185,0.227,4.2,4.2,1.0,3600.0,24.448757,880.0,-2.7,-15.0,5020.0,327.0,53.0,327.0,229.43097,37.186058,229.43097,274.0,725.6642,504.79694,192.2449,509.14322,354.17752,1012.5,0.0
2025-05-18 23:00:00+00:00,28.068,22.77351,73.0,30.674812,1009.67487,19.0,19.0,0.0,24120.0,0.08,0.13002385,1.0237422,18.875126,22.768396,23.565569,24.863466,124.902565,124.69522,124.41843,124.3804,34.92,26.968,26.368,25.468,28.668001,32.868,31.568,29.068,0.073,0.127,0.169,0.185,0.227,2.25,2.25,1.0,2972.09,24.244581,880.0,-1.9,-27.0,5030.0,117.0,25.0,117.0,25.120443,5.367616,22.093906,92.0,544.189,198.78227,19.752827,102.762924,42.67948,1013.0,0.0
