date,temperature_2m,dew_point_2m,relative_humidity_2m,apparent_temperature,surface_pressure,cloud_cover,cloud_cover_low,cloud_cover_mid,visibility,evapotranspiration,et0_fao_evapotranspiration,vapour_pressure_deficit,wind_speed_10m,wind_speed_80m,wind_speed_120m,wind_speed_180m,wind_direction_10m,wind_direction_80m,wind_direction_120m,wind_direction_180m,wind_gusts_10m,temperature_80m,temperature_120m,temperature_180m,soil_temperature_0cm,soil_temperature_6cm,soil_temperature_18cm,soil_temperature_54cm,soil_moisture_0_to_1cm,soil_moisture_1_to_3cm,soil_moisture_3_to_9cm,soil_moisture_9_to_27cm,soil_moisture_27_to_81cm,uv_index,uv_index_clear_sky,is_day,sunshine_duration,wet_bulb_temperature_2m,cape,lifted_index,convective_inhibition,freezing_level_height,boundary_layer_height,shortwave_radiation,diffuse_radiation,global_tilted_irradiance,shortwave_radiation_instant,diffuse_radiation_instant,global_tilted_irradiance_instant,direct_radiation,direct_normal_irradiance,terrestrial_radiation,direct_radiation_instant,direct_normal_irradiance_instant,terrestrial_radiation_instant,pressure_msl,generation
2025-04-15 00:00:00+00:00,27.468,22.420328,74.0,31.379902,1012.5588,88.0,65.0,76.0,6080.0,0.04,0.028734995,0.9519789,8.534353,11.983188,12.682018,13.896187,152.35411,147.26479,145.40765,143.42688,17.64,27.568,26.968,26.168001,26.568,29.368,29.168001,27.468,0.114,0.158,0.206,0.225,0.236,0.0,0.0,0.0,0.0,23.827057,590.0,-2.6,-38.0,4860.0,130.0,0.0,0.0,0.0,0.0,0.0,0.0,0.0,0.0,0.0,0.0,0.0,0.0,1015.9,0.0
2025-04-15 01:00:00+00:00,26.768,22.61064,78.0,30.978355,1012.94946,57.0,46.0,39.0,7860.0,0.03,0.016341973,0.7731488,7.24486,9.693296,10.383987,11.090103,153.43501,148.67137,146.3099,144.24602,15.4800005,27.168001,26.568,25.768,26.018,28.568,29.068,27.518,0.118,0.158,0.206,0.225,0.236,0.0,0.0,0.0,0.0,23.741587,490.0,-2.2,-42.0,4850.0,205.0,0.0,0.0,0.0,0.0,0.0,0.0,0.0,0.0,0.0,0.0,0.0,0.0,1016.3,0.0
2025-04-15 02:00:00+00:00,26.168001,22.851814,82.0,30.62952,1013.5408,51.0,40.0,32.0,14240.0,0.03,0.0077784415,0.61061215,6.489992,8.435069,8.913181,8.913181,146.3099,140.19447,136.63654,133.36346,12.959999,26.868,26.268,25.468,25.718,28.018,28.968,27.518,0.123,0.158,0.205,0.225,0.236,0.0,0.0,0.0,0.0,23.731663,400.0,-2.2,-39.0,4860.0,290.0,0.0,0.0,0.0,0.0,0.0,0.0,0.0,0.0,0.0,0.0,0.0,0.0,1016.9,0.0
2025-04-15 03:00:00+00:00,25.518,22.80924,85.0,29.983624,1013.2345,49.0,39.0,31.0,24140.0,0.02,0.0030223557,0.48965883,6.297428,7.9932966,7.928177,7.8954163,149.03632,144.16226,140.52757,136.8476,11.159999,26.368,25.768,25.068,25.068,27.518,28.868,27.518,0.127,0.158,0.205,0.225,0.236,0.0,0.0,0.0,0.0,23.51851,300.0,-2.1,-28.0,4870.0,320.0,0.0,0.0,0.0,0.0,0.0,0.0,0.0,0.0,0.0,0.0,0.0,0.0,1016.6,0.0
2025-04-15 04:00:00+00:00,25.068,22.560741,86.0,29.415947,1013.32916,58.0,50.0,18.0,24140.0,0.02,0.000996278,0.44497538,6.12,7.491114,7.491114,6.638072,151.92761,144.78232,144.78232,139.39879,14.759999,25.868,25.268,24.568,24.818,27.118,28.718,27.518,0.131,0.158,0.205,0.225,0.236,0.0,0.0,0.0,0.0,23.217247,180.0,-1.7,-26.0,4870.0,315.0,0.0,0.0,0.0,0.0,0.0,0.0,0.0,0.0,0.0,0.0,0.0,0.0,1016.7,0.0
2025-04-15 05:00:00+00:00,24.668001,22.168182,86.0,28.933395,1012.4277,64.0,52.0,34.0,24140.0,0.02,0.0,0.43451452,5.1544156,5.8603754,5.5887027,4.2136917,167.90526,169.3804,165.06853,160.0168,15.84,25.468,24.868,24.368,24.468,26.768,28.568,27.518,0.138,0.159,0.205,0.225,0.236,0.0,0.0,0.0,0.0,22.827093,90.0,-1.5,-34.0,4860.0,315.0,0.0,0.0,0.0,0.0,0.0,0.0,0.0,0.0,0.0,0.0,0.0,0.0,1015.8,0.0
2025-04-15 06:00:00+00:00,24.318,21.82468,86.0,28.406536,1012.0248,74.0,50.0,52.0,24140.0,0.02,0.0,0.42553902,5.0528407,5.771239,5.4477882,4.829907,184.08554,183.57626,172.40544,153.43501,8.28,25.068,24.568,23.868,24.118,26.368,28.368,27.568,0.173,0.161,0.208,0.226,0.236,0.0,0.0,0.0,0.0,22.485708,10.0,-0.9,-43.0,4850.0,305.0,0.0,0.0,0.0,0.0,0.0,0.0,0.0,0.0,0.0,0.0,0.0,0.0,1015.4,0.0
2025-04-15 07:00:00+00:00,23.868,21.571869,87.0,27.967812,1011.22235,42.0,42.0,0.0,24140.0,0.02,0.0,0.3846395,4.0249224,4.510787,3.4152596,2.2768397,206.56499,208.61037,198.43504,161.56496,14.759999,25.268,24.768,24.168001,23.568,26.068,28.218,27.568,0.165,0.163,0.207,0.226,0.236,0.0,0.0,0.0,0.0,22.180206,10.0,-0.9,-21.0,4830.0,280.0,0.0,0.0,0.0,0.0,0.0,0.0,0.0,0.0,0.0,0.0,0.0,0.0,1014.6,0.0
2025-04-15 08:00:00+00:00,23.518,21.59893,89.0,27.768364,1011.41785,78.0,46.0,6.0,24140.0,0.01,0.0,0.3186884,3.096837,3.8268526,2.8116899,1.08,215.53777,228.81418,219.80553,180.0,6.4799995,25.268,24.768,24.168001,23.268,25.718,28.018,27.568,0.164,0.165,0.207,0.226,0.236,0.0,0.0,0.0,0.0,22.102724,10.0,-0.9,-41.0,4840.0,295.0,0.0,0.0,0.0,0.0,0.0,0.0,0.0,0.0,0.0,0.0,0.0,0.0,1014.8,0.0
2025-04-15 09:00:00+00:00,23.368,21.451084,89.0,27.607315,1011.3164,99.0,50.0,12.0,24140.0,0.01,0.0,0.31582713,2.6208394,3.0547013,2.5959969,1.8,195.94547,224.9999,213.6901,180.0,4.68,25.068,24.568,24.068,23.068,25.418001,27.868,27.568,0.164,0.166,0.207,0.226,0.236,0.0,0.0,0.0,0.0,21.95533,20.0,-0.7,-53.0,4850.0,285.0,0.0,0.0,0.0,0.0,0.0,0.0,0.0,0.0,0.0,0.0,0.0,0.0,1014.7,0.0
2025-04-15 10:00:00+00:00,23.118,21.386925,90.0,27.2325,1011.9115,100.0,39.0,0.0,24140.0,0.01,0.0,0.2828207,3.2399998,2.7416782,2.7416782,2.5455842,180.0,203.19862,203.19862,171.86998,5.3999996,25.068,24.568,24.068,22.818,25.168001,27.668001,27.568,0.164,0.167,0.207,0.226,0.236,0.0,0.0,0.0,0.0,21.840944,10.0,-0.5,-68.0,4870.0,275.0,0.0,0.0,0.0,0.0,0.0,0.0,0.0,0.0,0.0,0.0,0.0,0.0,1015.3,0.0
2025-04-15 11:00:00+00:00,23.118,21.386925,90.0,27.118032,1011.8119,28.0,14.0,10.0,24140.0,0.01,0.01723288,0.2828207,4.0249224,2.9024127,2.9024127,3.7585104,169.6952,172.87508,172.87508,163.30067,6.8399997,24.968,24.568,24.168001,23.468,24.918001,27.468,27.568,0.165,0.168,0.206,0.226,0.236,0.05,0.05,1.0,0.0,21.840944,10.0,-0.4,-1.0,4860.0,250.0,13.0,10.0,13.000001,29.672237,22.824799,16.068796,3.0,31.536438,70.041176,6.8474393,38.98097,159.86755,1015.2,0.0
2025-04-15 12:00:00+00:00,25.668001,23.717962,89.0,31.067741,1012.73773,28.0,0.0,28.0,24140.0,0.050000004,0.095518045,0.36225438,3.6179552,3.2599385,3.9763298,5.5887027,174.2895,173.6599,174.80566,165.06853,7.92,25.668001,25.268,24.768,28.718,25.468,27.318,27.568,0.161,0.167,0.209,0.226,0.236,1.0,1.0,1.0,3600.0,24.215382,70.0,-1.2,-70.0,4900.0,310.0,152.0,68.0,152.0,227.62564,101.83253,227.62564,84.0,352.29312,324.17285,125.79312,527.572,485.46088,1016.1,0.0
2025-04-15 13:00:00+00:00,28.168001,21.942684,69.0,32.205647,1013.3637,37.0,8.0,30.0,24140.0,0.19,0.2603543,1.1823547,5.815978,6.6185193,7.0911775,7.8954163,158.19853,157.61983,156.0375,155.77226,11.159999,26.368,25.668001,24.868,31.818,26.868,27.268,27.568,0.157,0.168,0.208,0.226,0.236,2.9,2.9,1.0,3600.0,23.738108,90.0,-1.5,-48.0,4890.0,495.0,358.0,110.0,358.0,439.68286,135.09808,439.68286,248.0,528.89734,637.4874,304.58478,649.57294,782.9394,1016.7,0.0
2025-04-15 14:00:00+00:00,29.168001,21.66104,64.0,32.69143,1013.37476,36.0,26.0,19.0,24140.0,0.35000002,0.42718223,1.4549339,9.387651,10.883676,11.183201,11.681987,147.52882,145.78424,146.82147,146.3099,17.28,26.968,26.168001,25.368,33.317997,28.368,27.268,27.568,0.15,0.169,0.207,0.225,0.235,5.1,5.1,1.0,3600.0,23.886198,120.0,-1.8,-29.0,4860.0,610.0,578.0,156.0,578.0,653.83704,176.46812,653.83704,422.0,628.84,912.333,477.3689,711.3476,1032.0365,1016.7,0.0
2025-04-15 15:00:00+00:00,29.868,21.80203,62.0,33.726997,1013.2828,50.0,35.0,29.0,24140.0,0.43,0.546572,1.5988495,13.493999,15.281989,15.530151,15.7908325,136.08084,136.90913,135.9391,136.8476,24.119999,27.368,26.568,25.668001,34.267998,29.668001,27.418001,27.568,0.142,0.169,0.206,0.225,0.235,7.1,7.1,1.0,3600.0,24.202663,240.0,-2.2,-7.0,4850.0,755.0,737.0,200.0,737.0,792.9601,215.1859,792.9601,537.0,646.0584,1129.9868,577.7742,695.11334,1215.7863,1016.6,0.0
2025-04-15 16:00:00+00:00,30.218,21.594471,60.0,33.71296,1012.9875,49.0,39.0,28.0,24140.0,0.42000005,0.5764988,1.7171285,15.815435,18.11841,18.626305,18.864824,138.69148,139.02835,138.91835,138.09415,28.44,27.568,26.768,25.868,35.017998,30.568,27.618,27.518,0.136,0.168,0.205,0.224,0.235,8.55,8.55,1.0,3600.0,24.191406,320.0,-2.5,0.0,4860.0,870.0,761.0,238.0,761.0,788.4725,246.59192,788.4725,523.0,557.36285,1275.6289,541.88055,577.48395,1321.6797,1016.3,0.0
2025-04-15 17:00:00+00:00,30.768,21.555025,58.0,34.27324,1011.9969,42.0,31.0,25.0,24140.0,0.42000005,0.62790644,1.860527,17.566378,20.371038,20.88,21.38897,135.83023,136.43204,136.39711,136.36386,31.319998,27.968,27.168001,26.268,35.868,31.318,27.868,27.518,0.129,0.168,0.204,0.223,0.235,9.2,9.2,1.0,3600.0,24.349483,350.0,-3.0,0.0,4860.0,815.0,823.0,218.0,823.0,824.94727,218.51581,824.94727,605.0,614.0626,1339.3474,606.43146,615.51556,1342.5165,1015.3,0.0
2025-04-15 18:00:00+00:00,30.568,21.368248,58.0,33.16896,1011.99457,47.0,26.0,35.0,24140.0,0.42000005,0.6360768,1.8394549,22.932877,26.493652,27.511158,27.757376,137.54485,137.20262,137.12111,136.5765,33.839996,27.868,27.068,26.168001,34.618,31.718,28.118,27.568,0.125,0.168,0.206,0.223,0.234,9.0,9.0,1.0,3600.0,24.171219,290.0,-3.7,-1.0,4820.0,750.0,841.0,279.0,841.0,815.50287,270.54138,815.50287,562.0,580.1642,1316.818,544.9615,562.575,1276.8951,1015.3,0.0
2025-04-15 19:00:00+00:00,30.318,20.851732,57.0,32.10356,1010.8953,48.0,19.0,36.0,24140.0,0.37000003,0.5669902,1.8566277,22.725668,26.787966,27.567635,28.04305,139.49724,138.81416,139.23648,138.12222,39.96,27.868,27.068,26.168001,33.067997,31.818,28.368,27.568,0.122,0.167,0.205,0.223,0.234,7.9,7.9,1.0,3600.0,23.780373,210.0,-3.8,-2.0,4830.0,725.0,720.0,256.0,720.0,672.20966,239.00787,672.20966,464.0,521.44446,1209.5952,433.20178,486.8333,1129.3077,1014.2,0.0
2025-04-15 20:00:00+00:00,29.768,19.761974,55.0,30.560608,1010.3909,100.0,13.0,44.0,24140.0,0.31,0.45285007,1.88288,20.188908,25.02971,25.537172,26.28,140.06367,139.66693,139.574,138.888,39.239998,27.868,27.168001,26.268,31.018,31.418001,28.618,27.568,0.12,0.166,0.204,0.222,0.234,6.1,6.1,1.0,3600.0,22.95694,30.0,-3.8,-5.0,4870.0,675.0,527.0,280.0,527.0,467.78424,248.53812,467.78424,247.0,327.55923,1025.0073,219.24612,290.75342,909.83356,1013.7,0.0
2025-04-15 21:00:00+00:00,29.218,20.107304,58.0,30.564892,1010.08594,100.0,0.0,43.0,24140.0,0.24,0.323587,1.7025607,17.57744,21.67786,22.392464,22.89611,145.0079,144.46223,143.49847,143.31018,34.92,27.668001,26.968,26.068,30.068,30.768,28.768,27.568,0.121,0.165,0.203,0.222,0.234,3.95,3.95,1.0,3457.3032,22.967945,70.0,-3.4,-17.0,4880.0,620.0,342.0,242.0,342.0,279.29944,197.63295,279.29944,100.0,175.24344,775.65375,81.666504,143.11519,633.44934,1013.4,0.0
2025-04-15 22:00:00+00:00,28.568,20.8374,63.0,30.523754,1010.378,38.0,0.0,33.0,24140.0,0.16,0.21469331,1.4444807,15.986593,20.380579,21.175837,21.67786,144.16226,144.34459,144.6887,144.46223,29.88,27.368,26.668001,25.768,28.668001,30.118,28.818,27.568,0.122,0.165,0.203,0.222,0.234,1.85,1.85,1.0,3600.0,23.182486,220.0,-3.0,-20.0,4900.0,545.0,203.0,116.0,203.0,135.32416,77.32809,135.32416,87.0,247.11098,478.54938,57.996067,164.72948,319.0113,1013.7,0.0
2025-04-15 23:00:00+00:00,27.118,21.634426,72.0,29.998158,1010.5611,91.0,0.0,29.0,24140.0,0.08,0.08675563,1.004508,12.594856,17.782686,19.08,19.969458,149.03632,148.24057,148.10925,146.0234,27.359999,26.768,26.068,25.368,25.968,29.268,28.868,27.568,0.126,0.164,0.203,0.221,0.234,0.35,0.35,1.0,1788.3152,23.204863,340.0,-2.9,-14.0,4890.0,425.0,56.0,33.0,56.000008,0.0,0.0,0.0,23.0,149.40343,153.95941,0.0,0.0,0.0,1013.9,0.0
2025-04-16 00:00:00+00:00,26.268,20.591406,71.0,28.551529,1011.349,5.0,0.0,5.0,24140.0,0.04,0.052355904,0.98979545,12.879752,18.39878,20.570463,22.473343,153.43501,149.42085,147.14429,144.78232,21.24,26.468,25.868,25.268,25.068,28.168001,28.818,27.568,0.125,0.164,0.206,0.222,0.234,0.0,0.0,0.0,0.0,22.263762,40.0,-3.0,-12.0,4840.0,410.0,0.0,0.0,0.0,0.0,0.0,0.0,0.0,0.0,0.0,0.0,0.0,0.0,1014.7,0.0
2025-04-16 01:00:00+00:00,25.418001,20.663572,75.0,28.279858,1011.8378,0.0,0.0,0.0,24140.0,0.04,0.027221302,0.81143785,9.178235,12.864649,14.039999,15.94601,168.69011,162.07199,157.3801,151.69934,21.24,26.368,25.768,25.068,24.368,27.418001,28.668001,27.618,0.129,0.163,0.205,0.222,0.234,0.0,0.0,0.0,0.0,22.03349,70.0,-2.7,-10.0,4810.0,435.0,0.0,0.0,0.0,0.0,0.0,0.0,0.0,0.0,0.0,0.0,0.0,0.0,1015.2,0.0
2025-04-16 02:00:00+00:00,24.668001,21.188301,81.0,28.143291,1012.627,11.0,0.0,7.0,24140.0,0.03,0.008876509,0.58975387,6.87779,9.178235,9.793058,11.298495,173.99109,168.69011,162.89719,157.52052,15.119999,26.268,25.768,24.968,23.918001,26.768,28.518,27.618,0.132,0.163,0.205,0.222,0.234,0.0,0.0,0.0,0.0,22.147366,80.0,-2.8,-8.0,4800.0,385.0,0.0,0.0,0.0,0.0,0.0,0.0,0.0,0.0,0.0,0.0,0.0,0.0,1016.0,0.0
2025-04-16 03:00:00+00:00,24.068,21.57932,86.0,27.916985,1013.3177,93.0,24.0,24.0,24140.0,0.02,0.0,0.41922545,5.771239,6.5693827,6.725354,7.289444,176.42374,170.53775,164.47583,159.77505,11.879999,25.968,25.568,24.868,23.618,26.268,28.368,27.618,0.136,0.163,0.205,0.222,0.234,0.0,0.0,0.0,0.0,22.241863,120.0,-2.7,-9.0,4770.0,450.0,0.0,0.0,0.0,0.0,0.0,0.0,0.0,0.0,0.0,0.0,0.0,0.0,1016.7,0.0
2025-04-16 04:00:00+00:00,23.718,21.97914,90.0,28.050186,1013.1145,52.0,24.0,36.0,24140.0,0.01,0.0,0.29321098,3.9763298,3.6179552,3.2599385,3.4152596,185.19434,185.7105,173.6599,161.56496,9.36,25.668001,25.268,24.668001,23.468,25.868,28.168001,27.618,0.14,0.163,0.205,0.222,0.234,0.0,0.0,0.0,0.0,22.431936,140.0,-2.8,-5.0,4730.0,355.0,0.0,0.0,0.0,0.0,0.0,0.0,0.0,0.0,0.0,0.0,0.0,0.0,1016.5,0.0
2025-04-16 05:00:00+00:00,23.468,22.092577,92.0,28.072708,1012.5136,100.0,22.0,36.0,24140.0,0.01,0.0,0.23106575,2.5455842,1.08,1.1384199,0.8049845,171.86998,180.0,161.56496,153.43501,6.4799995,25.468,25.068,24.468,23.118,25.568,27.968,27.618,0.143,0.163,0.204,0.222,0.234,0.0,0.0,0.0,0.0,22.449604,170.0,-2.6,-5.0,4690.0,290.0,0.0,0.0,0.0,0.0,0.0,0.0,0.0,0.0,0.0,0.0,0.0,0.0,1015.9,0.0
2025-04-16 06:00:00+00:00,23.368,22.346737,94.0,28.172924,1011.6154,93.0,26.0,8.0,24140.0,0.01,0.0,0.17225409,2.16,1.08,1.0182338,1.2979984,180.0,180.0,135.0001,123.690094,5.04,25.268,24.968,24.368,22.968,25.268,27.768,27.618,0.146,0.164,0.207,0.223,0.234,0.0,0.0,0.0,0.0,22.613787,170.0,-2.5,-10.0,4700.0,245.0,0.0,0.0,0.0,0.0,0.0,0.0,0.0,0.0,0.0,0.0,0.0,0.0,1015.0,0.0
2025-04-16 07:00:00+00:00,23.268,22.247498,94.0,27.898708,1011.0165,100.0,27.0,6.0,24140.0,-0.0,0.0,0.17122197,2.968636,2.0991426,1.8,2.4149535,165.96373,149.03632,126.86999,116.56499,5.04,24.968,24.668001,24.168001,22.968,25.068,27.568,27.618,0.149,0.164,0.207,0.223,0.234,0.0,0.0,0.0,0.0,22.514372,180.0,-1.7,-10.0,4710.0,290.0,0.0,0.0,0.0,0.0,0.0,0.0,0.0,0.0,0.0,0.0,0.0,0.0,1014.4,0.0
2025-04-16 08:00:00+00:00,23.168001,22.148266,94.0,27.700235,1010.7161,100.0,6.0,6.0,24140.0,-0.0,0.0,0.17019343,3.2599385,1.835647,1.1384199,1.0182338,173.6599,168.69011,161.56496,135.0001,5.04,24.668001,24.468,23.868,22.968,24.868,27.368,27.618,0.152,0.165,0.207,0.223,0.234,0.0,0.0,0.0,0.0,22.41496,200.0,-1.1,-10.0,4680.0,285.0,0.0,0.0,0.0,0.0,0.0,0.0,0.0,0.0,0.0,0.0,0.0,0.0,1014.1,0.0
2025-04-16 09:00:00+00:00,23.118,22.098648,94.0,27.66483,1010.7155,100.0,8.0,10.0,24140.0,-0.0,0.0,0.16968107,2.968636,1.9386592,1.2979984,1.1384199,165.96373,158.19853,146.3099,108.43504,5.04,24.568,24.268,23.668001,22.818,24.718,27.218,27.618,0.154,0.165,0.206,0.223,0.234,0.0,0.0,0.0,0.0,22.365252,180.0,-0.9,-11.0,4680.0,310.0,0.0,0.0,0.0,0.0,0.0,0.0,0.0,0.0,0.0,0.0,0.0,0.0,1014.1,0.0
2025-04-16 10:00:00+00:00,23.068,21.873692,93.0,27.394432,1010.8148,100.0,16.0,13.0,11760.0,0.01,0.0,0.1973691,3.6179552,2.5455842,1.835647,1.2979984,174.2895,171.86998,168.69011,146.3099,5.7599998,24.468,24.168001,23.468,22.868,24.568,27.018,27.618,0.156,0.166,0.206,0.223,0.234,0.0,0.0,0.0,0.0,22.184683,180.0,-0.7,-14.0,4640.0,295.0,0.0,0.0,0.0,0.0,0.0,0.0,0.0,0.0,0.0,0.0,0.0,0.0,1014.2,0.0
2025-04-16 11:00:00+00:00,23.118,21.923244,93.0,27.527065,1011.31354,100.0,20.0,29.0,6940.0,0.01,0.015248489,0.19796419,3.2399998,2.5455842,2.1897945,1.2979984,180.0,171.86998,170.53775,146.3099,6.12,24.568,24.168001,23.368,23.518,24.468,26.868,27.618,0.158,0.167,0.206,0.223,0.234,0.05,0.05,1.0,0.0,22.234276,190.0,-0.8,-20.0,4620.0,210.0,11.0,11.0,11.0,25.027252,25.027252,13.715573,0.0,0.0,71.85875,0.0,0.0,163.49336,1014.7,0.0
2025-04-16 12:00:00+00:00,25.268,23.323744,89.0,30.487328,1011.9359,100.0,26.0,45.0,24140.0,0.03,0.084568836,0.35377693,3.219938,3.6,4.1046314,4.072935,153.43501,143.13002,142.12495,135.0001,5.3999996,24.668001,24.368,23.568,27.968,25.018,26.718,27.568,0.159,0.168,0.208,0.224,0.234,0.7,1.05,1.0,1436.2568,23.822329,280.0,-1.6,-9.0,4670.0,225.0,131.0,105.0,131.0,195.39288,156.61263,195.39288,26.0,107.87523,327.4979,38.78027,160.90117,488.47906,1015.3,0.0
2025-04-16 13:00:00+00:00,26.918001,22.543413,77.0,31.69429,1012.55237,100.0,27.0,50.0,24120.0,0.13,0.20427525,0.815444,3.096837,3.396233,3.6,3.6,125.537766,122.00535,126.86999,126.86999,7.2,25.268,24.568,23.668001,30.568,26.318,26.668001,27.568,0.157,0.168,0.208,0.224,0.234,2.25,2.9,1.0,3600.0,23.741215,410.0,-1.7,-1.0,4680.0,280.0,289.0,200.0,289.0,354.51746,245.3408,354.51746,89.0,188.90009,640.18365,109.17666,231.72449,785.31586,1015.9,0.0
2025-04-16 14:00:00+00:00,27.968,22.22028,71.0,32.163437,1013.0625,99.0,48.0,45.0,24120.0,0.26,0.33781224,1.093255,5.8048253,6.792466,6.989936,7.2,119.74479,122.00535,124.50858,126.86999,15.119999,25.968,25.168001,24.368,32.567997,27.668001,26.718,27.568,0.157,0.169,0.207,0.223,0.234,4.8,5.15,1.0,3600.0,23.85255,360.0,-1.9,0.0,4740.0,420.0,464.0,263.0,464.0,524.58484,297.34012,524.58484,201.0,298.67697,914.3888,227.24472,337.67545,1033.7812,1016.4,0.0
2025-04-16 15:00:00+00:00,28.418001,22.181332,69.0,32.17511,1012.7685,97.0,53.0,39.0,16480.0,0.3,0.38178787,1.1996138,8.654986,9.449572,9.565437,9.693296,106.9276,107.74477,109.798965,111.801476,15.84,26.268,25.568,24.668001,33.218,28.718,26.868,27.568,0.151,0.169,0.206,0.223,0.234,6.75,7.15,1.0,3600.0,23.970224,450.0,-2.1,0.0,4730.0,560.0,509.0,307.0,509.0,547.4722,330.20425,547.4722,202.0,242.57626,1131.4344,217.26796,260.91113,1216.9526,1016.1,0.0
2025-04-16 16:00:00+00:00,28.818,22.322945,68.0,32.645058,1012.3743,84.0,42.0,38.0,16660.0,0.35000002,0.47291833,1.2673159,12.24,13.217443,13.70839,13.891522,118.072395,119.357666,119.93143,121.218346,21.24,26.368,25.668001,24.768,33.718,29.768,27.068,27.568,0.145,0.169,0.205,0.222,0.233,8.35,8.55,1.0,3600.0,24.188023,490.0,-2.5,0.0,4730.0,690.0,642.0,329.0,642.0,665.0435,340.8089,665.0435,313.0,333.13916,1276.5414,324.23462,345.09665,1322.3607,1015.7,0.0
2025-04-16 17:00:00+00:00,29.568,22.29384,65.0,33.69838,1011.2858,100.0,54.0,39.0,16160.0,0.38,0.57120675,1.4473972,15.0038395,16.676977,17.174677,17.373497,120.256355,122.660904,123.02387,124.019394,26.28,26.568,25.868,24.968,37.418,30.768,27.318,27.568,0.138,0.169,0.204,0.221,0.233,8.9,9.2,1.0,3600.0,24.409998,520.0,-2.8,0.0,4760.0,670.0,782.0,266.0,782.0,783.75256,266.59613,783.75256,516.0,523.24414,1339.8351,517.15643,524.4168,1342.8379,1014.6,0.0
2025-04-16 18:00:00+00:00,28.968,22.222277,67.0,32.421093,1010.6814,100.0,40.0,43.0,15960.0,0.39000002,0.5349291,1.3183119,17.727943,19.694992,20.188908,20.3774,119.16752,120.78408,121.13891,122.00535,30.239998,26.468,25.768,24.868,33.017998,31.518,27.618,27.568,0.131,0.168,0.203,0.221,0.233,8.9,8.95,1.0,3600.0,24.172106,530.0,-2.7,0.0,4730.0,625.0,745.0,358.0,745.0,722.3659,347.12347,722.3659,387.0,399.22183,1317.0208,375.24243,387.09296,1277.0078,1014.0,0.0
2025-04-16 19:00:00+00:00,28.318,21.84653,68.0,30.538822,1010.0761,100.0,36.0,63.0,15820.0,0.28000003,0.39570048,1.2311852,17.906157,20.68356,21.178896,21.370783,120.17343,121.47678,121.79887,122.61923,31.319998,26.268,25.468,24.668001,30.618,31.118,27.868,27.568,0.128,0.168,0.202,0.22,0.233,7.85,7.85,1.0,2411.625,23.72535,410.0,-3.0,0.0,4690.0,605.0,516.0,391.0,516.0,481.74942,365.04654,481.74942,125.0,140.3875,1209.671,116.702866,131.06898,1129.3765,1013.4,0.0
2025-04-16 20:00:00+00:00,27.668001,21.93286,71.0,30.081013,1009.7701,100.0,32.0,64.0,16000.0,0.21000002,0.2905412,1.074341,16.923828,20.00512,20.188908,20.68356,119.29127,120.256355,121.13891,121.47678,30.960001,25.968,25.268,24.368,29.518,30.418001,28.068,27.568,0.128,0.167,0.201,0.22,0.233,6.05,6.1,1.0,0.0,23.572178,510.0,-2.1,0.0,4610.0,630.0,357.0,314.0,357.0,316.91702,278.74493,316.91702,43.0,56.985905,1025.1244,38.172077,50.58769,910.0263,1013.1,0.0
2025-04-16 21:00:00+00:00,27.368,21.874376,72.0,30.21783,1009.5673,100.0,32.0,51.0,16100.0,0.17,0.23001842,1.0192883,13.70839,15.807239,15.990646,15.990646,119.93143,120.0685,121.18491,121.18491,29.519999,25.868,25.168001,24.268,29.018,29.768,28.218,27.568,0.129,0.167,0.201,0.22,0.233,3.95,3.95,1.0,405.90933,23.439257,500.0,-1.6,-3.0,4600.0,640.0,275.0,233.0,275.0,224.65831,190.34686,224.65831,42.0,73.53031,775.976,34.31145,60.069798,633.9253,1012.9,0.0
2025-04-16 22:00:00+00:00,26.918001,21.890644,74.0,30.297298,1009.76154,100.0,19.0,37.0,24120.0,0.11,0.13908248,0.92186475,10.144082,11.753877,11.753877,12.24,117.47435,117.34979,117.34979,118.072395,23.759998,25.668001,24.968,24.168001,27.418001,29.168001,28.268,27.568,0.13,0.166,0.201,0.219,0.233,1.85,1.8,1.0,0.0,23.308174,480.0,-1.5,-2.0,4640.0,525.0,151.0,136.0,151.0,100.800575,90.78728,100.800575,15.0,42.52121,479.22662,10.013302,28.385181,319.9094,1013.1,0.0
2025-04-16 23:00:00+00:00,26.168001,22.028969,78.0,30.041813,1010.25165,100.0,0.0,30.0,24120.0,0.06,0.051878944,0.7463639,7.289445,9.085988,9.085988,9.585739,122.90524,123.6901,123.6901,124.286934,17.64,25.468,24.868,24.068,25.418001,28.318,28.318,27.568,0.133,0.165,0.2,0.219,0.233,0.35,0.35,1.0,0.0,23.168797,390.0,-1.7,-8.0,4610.0,335.0,33.0,33.0,33.0,0.0,0.0,0.0,0.0,0.0,155.11537,0.0,0.0,0.0,1013.6,0.0
2025-04-17 00:00:00+00:00,25.268,22.369501,84.0,29.799946,1010.9392,100.0,0.0,29.0,24120.0,0.03,0.0,0.51463366,4.1046314,5.315336,5.634891,5.815978,127.875046,118.30067,116.56499,111.801476,12.599999,25.368,24.768,24.168001,24.718,27.468,28.268,27.568,0.136,0.165,0.2,0.219,0.233,0.0,0.0,0.0,0.0,23.138046,380.0,-1.9,-9.0,4610.0,220.0,0.0,0.0,0.0,0.0,0.0,0.0,0.0,0.0,0.0,0.0,0.0,0.0,1014.3,0.0
2025-04-17 01:00:00+00:00,24.518,22.768724,90.0,29.344296,1011.429,100.0,0.0,40.0,24140.0,0.01,0.0,0.30758286,3.671294,3.5455887,3.396233,3.0547013,168.69011,156.0375,147.99466,135.0001,7.2,25.368,24.768,24.168001,24.218,26.768,28.118,27.568,0.14,0.165,0.2,0.219,0.233,0.0,0.0,0.0,0.0,23.219927,380.0,-1.2,-26.0,4600.0,200.0,0.0,0.0,0.0,0.0,0.0,0.0,0.0,0.0,0.0,0.0,0.0,0.0,1014.8,0.0
2025-04-17 02:00:00+00:00,24.018,22.815166,93.0,28.758041,1011.8223,58.0,6.0,53.0,24140.0,0.01,0.0,0.20896077,4.452954,4.0249224,3.0758414,2.1897945,194.03627,206.56499,200.55612,189.46225,6.8399997,25.268,24.768,24.068,23.918001,26.268,28.018,27.568,0.143,0.165,0.2,0.219,0.233,0.0,0.0,0.0,0.0,23.126974,380.0,-0.4,-37.0,4600.0,200.0,0.0,0.0,0.0,0.0,0.0,0.0,0.0,0.0,0.0,0.0,0.0,0.0,1015.2,0.0
2025-04-17 03:00:00+00:00,23.618,22.769253,95.0,28.36663,1011.8175,72.0,32.0,56.0,22420.0,0.01,0.0,0.14571571,4.2136917,4.5820518,3.319036,1.9386592,199.9832,224.9999,229.39879,248.19853,7.2,25.068,24.568,23.968,23.518,25.818,27.868,27.568,0.147,0.165,0.2,0.219,0.233,0.0,0.0,0.0,0.0,22.99435,360.0,-0.2,-18.0,4630.0,255.0,0.0,0.0,0.0,0.0,0.0,0.0,0.0,0.0,0.0,0.0,0.0,0.0,1015.2,0.0
2025-04-17 04:00:00+00:00,23.368,22.171003,93.0,27.852844,1011.715,46.0,0.0,46.0,22980.0,0.01,0.0,0.20096684,3.671294,2.7416782,1.9386592,0.71999997,168.69011,203.19862,201.80147,180.0,6.8399997,24.968,24.468,23.768,23.018,25.468,27.668001,27.568,0.15,0.165,0.2,0.219,0.233,0.0,0.0,0.0,0.0,22.482248,300.0,-0.5,-56.0,4660.0,320.0,0.0,0.0,0.0,0.0,0.0,0.0,0.0,0.0,0.0,0.0,0.0,0.0,1015.1,0.0
2025-04-17 05:00:00+00:00,23.068,21.696692,92.0,27.391232,1011.2135,35.0,0.0,35.0,24140.0,0.01,0.0,0.22556853,2.968636,1.4399999,1.484318,1.0182338,165.96373,180.0,165.96373,135.0001,5.7599998,24.768,24.368,23.568,22.468,25.068,27.518,27.568,0.152,0.165,0.199,0.219,0.233,0.0,0.0,0.0,0.0,22.053757,250.0,-1.3,-41.0,4700.0,400.0,0.0,0.0,0.0,0.0,0.0,0.0,0.0,0.0,0.0,0.0,0.0,0.0,1014.6,0.0
2025-04-17 06:00:00+00:00,22.718,21.526823,93.0,26.906046,1010.9104,29.0,0.0,29.0,24140.0,-0.0,0.0,0.19324207,3.2599385,2.1897945,1.835647,1.484318,173.6599,189.46225,191.30989,165.96373,5.3999996,24.568,24.168001,23.368,22.218,24.668001,27.318,27.568,0.155,0.166,0.199,0.219,0.233,0.0,0.0,0.0,0.0,21.83752,220.0,-1.5,-28.0,4710.0,420.0,0.0,0.0,0.0,0.0,0.0,0.0,0.0,0.0,0.0,0.0,0.0,0.0,1014.3,0.0
2025-04-17 07:00:00+00:00,22.468,21.279058,93.0,26.513432,1010.4092,19.0,0.0,19.0,24140.0,0.01,0.0,0.190341,3.319036,2.52,2.52,1.835647,167.4712,180.0,180.0,168.69011,5.7599998,24.368,23.968,23.268,22.018,24.368,27.118,27.568,0.157,0.166,0.199,0.219,0.233,0.0,0.0,0.0,0.0,21.589548,180.0,-1.2,-34.0,4700.0,395.0,0.0,0.0,0.0,0.0,0.0,0.0,0.0,0.0,0.0,0.0,0.0,0.0,1013.8,0.0
2025-04-17 08:00:00+00:00,22.318,21.130398,93.0,26.21979,1010.50696,14.0,10.0,4.0,24140.0,0.01,0.0,0.18861794,3.7585104,2.7416782,2.7416782,1.9386592,163.30067,156.80138,156.80138,158.19853,6.12,24.168001,23.868,23.068,22.018,24.118,26.918001,27.568,0.158,0.166,0.199,0.219,0.233,0.0,0.0,0.0,0.0,21.440765,160.0,-1.1,-8.0,4680.0,345.0,0.0,0.0,0.0,0.0,0.0,0.0,0.0,0.0,0.0,0.0,0.0,0.0,1013.9,0.0
2025-04-17 09:00:00+00:00,22.168001,20.981737,93.0,25.856485,1010.8044,14.0,14.0,0.0,24140.0,0.01,0.0,0.1869092,4.6800003,4.1046314,3.8268526,3.096837,157.3801,142.12495,138.81418,125.537766,7.5599995,23.968,23.668001,22.968,22.018,23.918001,26.718,27.568,0.16,0.167,0.199,0.219,0.233,0.0,0.0,0.0,0.0,21.291983,140.0,-0.5,-9.0,4650.0,325.0,0.0,0.0,0.0,0.0,0.0,0.0,0.0,0.0,0.0,0.0,0.0,0.0,1014.2,0.0
2025-04-17 10:00:00+00:00,22.168001,21.155897,94.0,25.967606,1011.40234,23.0,23.0,0.0,24140.0,0.01,0.0,0.16020536,4.5536795,4.510787,4.072935,3.396233,161.56496,151.38963,135.0001,122.00535,7.5599995,23.868,23.568,22.868,21.968,23.818,26.518,27.568,0.161,0.168,0.199,0.219,0.233,0.0,0.0,0.0,0.0,21.420826,170.0,0.2,-12.0,4630.0,365.0,0.0,0.0,0.0,0.0,0.0,0.0,0.0,0.0,0.0,0.0,0.0,0.0,1014.8,0.0
2025-04-17 11:00:00+00:00,22.268,21.255136,94.0,26.257175,1012.0017,32.0,32.0,0.0,24140.0,0.01,0.013868987,0.16118097,3.6179552,2.6208394,1.8,1.2979984,174.2895,164.05453,143.13002,123.690094,7.5599995,23.768,23.468,22.668001,22.868,23.718,26.368,27.518,0.163,0.168,0.199,0.219,0.233,0.1,0.1,1.0,0.0,21.520239,180.0,1.5,-45.0,4630.0,405.0,14.0,11.0,14.000001,31.759192,24.953651,17.599459,3.0,30.665583,73.62464,6.805541,38.54983,167.0185,1015.4,0.0
2025-04-17 12:00:00+00:00,24.668001,22.732397,89.0,29.725632,1012.52734,34.0,34.0,0.0,24140.0,0.03,0.09213917,0.3413856,1.9386592,1.08,0.8049845,0.8049845,158.19853,180.0,153.43501,116.56499,5.7599998,23.768,23.368,22.568,27.868,24.368,26.218,27.518,0.163,0.169,0.198,0.219,0.233,1.05,1.05,1.0,3600.0,23.232752,250.0,1.2,-18.0,4630.0,490.0,151.0,75.0,151.00002,224.36024,111.43721,224.36028,76.0,312.0798,330.7205,112.92304,463.6974,491.39423,1015.9,0.0
2025-04-17 13:00:00+00:00,26.368,22.222864,78.0,31.296349,1013.14435,48.0,48.0,0.0,24140.0,0.16,0.23892687,0.7552011,0.8049845,0.71999997,0.35999998,0.35999998,333.43503,360.0,360.0,360.0,3.96,24.668001,23.968,23.068,29.768,25.768,26.168001,27.518,0.16,0.169,0.198,0.219,0.232,2.9,2.9,1.0,3600.0,23.359724,350.0,0.4,-2.0,4640.0,610.0,354.0,132.0,354.0,433.7537,161.73866,433.7537,222.0,469.02383,642.7782,272.015,574.6915,787.59155,1016.5,0.0
2025-04-17 14:00:00+00:00,27.618,21.884956,71.0,32.07266,1012.8593,62.0,62.0,0.0,24140.0,0.25,0.34526235,1.0712173,2.7416782,2.968636,3.2599385,3.2399998,66.801384,75.96373,83.659904,90.0,7.2,25.668001,24.868,24.068,31.918001,27.068,26.218,27.518,0.155,0.169,0.197,0.218,0.232,5.1,5.1,1.0,3600.0,23.525448,340.0,-0.2,-35.0,4650.0,615.0,483.0,161.0,483.0,545.76886,181.92296,545.76886,322.0,477.18747,916.34644,363.84592,539.2009,1035.4314,1016.2,0.0
2025-04-17 15:00:00+00:00,28.918001,21.678026,65.0,33.338093,1012.67426,61.0,61.0,0.0,24140.0,0.33,0.4680072,1.3942475,5.8603754,6.519877,6.489992,6.4799995,79.380394,83.659904,86.82024,90.0,12.599999,26.568,25.868,24.968,34.218,28.468,26.368,27.518,0.148,0.169,0.196,0.218,0.232,7.1,7.1,1.0,3600.0,23.8148,360.0,-0.9,-5.0,4660.0,660.0,636.0,216.0,636.0,683.8587,232.2539,683.8587,420.0,503.4795,1132.7921,451.6048,541.3661,1218.0342,1016.0,0.0
2025-04-17 16:00:00+00:00,30.018,21.677017,61.0,34.790154,1012.0883,55.0,55.0,0.0,24140.0,0.39000002,0.5809298,1.6551211,9.007196,10.105681,10.1376915,10.182337,92.29056,94.08554,96.11541,98.13002,17.28,27.368,26.668001,25.768,35.817997,29.918001,26.618,27.468,0.14,0.169,0.195,0.217,0.232,8.55,8.55,1.0,3600.0,24.175562,470.0,-1.5,-7.0,4650.0,680.0,779.0,253.0,779.0,806.8052,262.03043,806.8052,526.0,559.1646,1277.3757,544.7747,579.1231,1322.9696,1015.4,0.0
2025-04-17 17:00:00+00:00,30.718,21.78792,59.0,35.36847,1011.1988,34.0,34.0,0.0,24140.0,0.41,0.6220789,1.8110209,11.525623,12.758432,12.864649,12.641076,104.47034,106.38962,107.92801,109.98319,20.880001,27.768,27.068,26.168001,37.718,31.218,26.918001,27.468,0.131,0.168,0.194,0.216,0.232,9.2,9.2,1.0,3600.0,24.47333,510.0,-2.2,-3.0,4640.0,650.0,822.0,222.0,822.0,823.74396,222.471,823.74396,600.0,607.89,1340.259,601.27295,609.1797,1343.1024,1014.5,0.0
2025-04-17 18:00:00+00:00,30.818,21.31767,57.0,34.65783,1010.10333,23.0,23.0,0.0,24140.0,0.40000004,0.6193252,1.9103022,14.33234,15.778518,15.778518,15.94601,115.277695,117.1496,117.1496,118.30067,24.84,27.968,27.168001,26.268,37.267998,32.118,27.318,27.468,0.124,0.167,0.194,0.216,0.232,8.95,8.95,1.0,3600.0,24.22417,460.0,-2.3,-8.0,4640.0,615.0,808.0,207.0,808.0,783.4046,200.69894,783.4046,601.0,619.56036,1317.1742,582.7056,600.70105,1277.0796,1013.4,0.0
2025-04-17 19:00:00+00:00,30.868,20.782614,55.0,33.860546,1009.4062,5.0,5.0,0.0,24140.0,0.37000003,0.59883887,2.0049517,16.45007,18.204042,18.35647,18.514643,113.198616,114.53771,115.55992,116.56499,28.08,28.168001,27.368,26.468,36.368,32.567997,27.668001,27.468,0.118,0.166,0.193,0.215,0.231,7.85,7.85,1.0,3600.0,23.92492,320.0,-2.4,-12.0,4680.0,495.0,768.0,166.0,768.0,717.0247,154.9819,717.0247,602.0,675.70325,1209.7142,562.0428,630.85406,1129.4205,1012.7,0.0
2025-04-17 20:00:00+00:00,30.368,20.898329,57.0,32.80289,1009.20154,3.0,3.0,0.0,24140.0,0.33,0.5433962,1.861937,18.193361,20.456745,20.456745,20.63023,117.072,118.36895,118.36895,119.24873,31.319998,27.968,27.168001,26.268,34.418,32.618,28.018,27.468,0.114,0.165,0.192,0.215,0.231,6.1,6.1,1.0,3600.0,23.82475,360.0,-2.6,-8.0,4710.0,475.0,702.0,111.0,702.0,623.2468,98.54757,623.2468,591.0,782.7108,1025.2228,524.6992,694.90314,910.2091,1012.5,0.0
2025-04-17 21:00:00+00:00,29.518,21.20707,61.0,31.378502,1009.49133,0.0,0.0,0.0,18760.0,0.25,0.40051043,1.6083469,17.974781,20.767975,20.969807,20.969807,122.73522,123.690094,124.50858,124.50858,31.68,27.568,26.868,25.968,31.268,32.068,28.368,27.468,0.113,0.164,0.192,0.214,0.231,3.95,3.95,1.0,3600.0,23.724514,450.0,-2.7,-9.0,4740.0,440.0,501.0,106.0,501.0,409.42813,86.62551,409.42813,395.0,690.8646,776.29376,322.8026,564.58966,634.40424,1012.8,0.0
2025-04-17 22:00:00+00:00,28.618,20.884594,63.0,30.567379,1010.0796,0.0,0.0,0.0,24140.0,0.16,0.24887547,1.4486651,16.199999,19.008545,19.513195,19.513195,126.86999,127.30403,127.50422,127.50422,30.599998,27.268,26.568,25.668001,28.818,31.068,28.568,27.468,0.113,0.163,0.191,0.214,0.231,1.85,1.85,1.0,3600.0,23.227936,280.0,-2.4,-20.0,4760.0,400.0,276.0,80.0,276.0,184.5066,53.48018,184.5066,196.0,554.507,479.9112,131.02643,370.68915,320.8217,1013.4,0.0
2025-04-17 23:00:00+00:00,27.268,21.083458,69.0,29.89125,1010.4633,8.0,0.0,8.0,24120.0,0.08,0.09376438,1.1219993,12.313894,15.629971,16.135872,16.92383,127.875046,128.45374,128.65984,128.08882,27.359999,26.668001,26.068,25.268,25.918001,29.768,28.668001,27.518,0.115,0.162,0.191,0.214,0.231,0.35,0.35,1.0,2428.7468,22.902483,210.0,-2.3,-26.0,4730.0,315.0,65.0,31.0,65.000015,0.0,0.0,0.0,34.0,219.72035,156.2903,0.0,0.0,0.0,1013.8,0.0
2025-04-18 00:00:00+00:00,26.068,21.50695,76.0,29.264576,1010.9481,4.0,0.0,4.0,24120.0,0.04,0.02956434,0.8094647,9.957108,12.819235,13.392774,13.979872,130.60121,128.15727,126.25393,124.50858,21.599998,26.068,25.468,24.868,25.118,28.518,28.668001,27.518,0.119,0.161,0.191,0.214,0.231,0.0,0.0,0.0,0.0,22.79052,220.0,-1.7,-39.0,4690.0,220.0,0.0,0.0,0.0,0.0,0.0,0.0,0.0,0.0,0.0,0.0,0.0,0.0,1014.3,0.0
2025-04-18 01:00:00+00:00,25.268,22.172699,83.0,29.318813,1011.43756,33.0,0.0,33.0,24120.0,0.03,0.0061835097,0.5468099,6.638072,8.714677,8.78872,9.021574,139.39879,128.2902,124.992096,118.61037,16.919998,25.768,25.268,24.568,24.768,27.618,28.568,27.518,0.123,0.16,0.191,0.214,0.231,0.0,0.0,0.0,0.0,23.000587,300.0,-1.5,-36.0,4700.0,125.0,0.0,0.0,0.0,0.0,0.0,0.0,0.0,0.0,0.0,0.0,0.0,0.0,1014.8,0.0
2025-04-18 02:00:00+00:00,24.668001,22.358145,87.0,29.0616,1012.12866,39.0,0.0,39.0,24140.0,0.02,0.0,0.4034698,5.0142193,5.495161,5.3517847,5.1165614,158.96242,148.39255,137.72638,129.28938,11.5199995,25.668001,25.068,24.368,24.318,26.968,28.468,27.518,0.127,0.16,0.191,0.214,0.231,0.0,0.0,0.0,0.0,22.962471,370.0,-1.6,-23.0,4710.0,175.0,0.0,0.0,0.0,0.0,0.0,0.0,0.0,0.0,0.0,0.0,0.0,0.0,1015.5,0.0
2025-04-18 03:00:00+00:00,24.168001,22.605194,91.0,29.035427,1012.3222,41.0,33.0,17.0,24140.0,0.01,0.0,0.27109432,2.7416782,1.8,1.609969,1.8,156.80138,143.13002,116.56499,90.0,7.92,25.468,24.868,24.068,23.868,26.418001,28.318,27.518,0.131,0.159,0.191,0.214,0.231,0.0,0.0,0.0,0.0,23.008812,410.0,-1.3,-19.0,4750.0,195.0,0.0,0.0,0.0,0.0,0.0,0.0,0.0,0.0,0.0,0.0,0.0,0.0,1015.7,0.0
2025-04-18 04:00:00+00:00,24.018,22.636906,92.0,28.97174,1012.02167,43.0,37.0,16.0,24140.0,0.01,0.0,0.23881698,2.2768397,0.5091169,0.35999998,0.8049845,161.56496,135.0001,90.0,26.564985,4.32,25.168001,24.668001,23.768,23.918001,26.018,28.118,27.518,0.134,0.159,0.191,0.214,0.231,0.0,0.0,0.0,0.0,22.993893,450.0,-1.1,-21.0,4700.0,170.0,0.0,0.0,0.0,0.0,0.0,0.0,0.0,0.0,0.0,0.0,0.0,0.0,1015.4,0.0
2025-04-18 05:00:00+00:00,24.068,22.506357,91.0,29.161034,1011.62335,46.0,40.0,17.0,24140.0,0.01,0.0,0.26947832,0.8049845,1.8,2.4149535,2.9024127,206.56499,323.13,333.43503,330.25522,3.6,24.968,24.368,23.568,23.668001,25.768,27.968,27.518,0.138,0.159,0.19,0.214,0.231,0.0,0.0,0.0,0.0,22.91008,480.0,-0.6,-10.0,4630.0,200.0,0.0,0.0,0.0,0.0,0.0,0.0,0.0,0.0,0.0,0.0,0.0,0.0,1015.0,0.0
2025-04-18 06:00:00+00:00,24.068,22.686392,92.0,28.959122,1011.32434,49.0,44.0,10.0,24140.0,-0.0,0.0,0.23953152,2.9024127,3.8268526,4.3349743,5.1165614,277.1249,311.18582,318.36655,320.7106,5.04,24.468,23.868,23.068,23.518,25.518,27.768,27.518,0.141,0.159,0.19,0.214,0.231,0.0,0.0,0.0,0.0,23.043373,460.0,0.1,0.0,4610.0,185.0,0.0,0.0,0.0,0.0,0.0,0.0,0.0,0.0,0.0,0.0,0.0,0.0,1014.7,0.0
2025-04-18 07:00:00+00:00,23.668001,22.468311,93.0,28.22271,1011.02094,55.0,48.0,14.0,24140.0,0.01,0.0,0.20462298,4.3498964,4.0249224,4.1046314,5.3999996,245.55606,280.30478,285.25516,306.86996,7.2,23.968,23.268,22.568,23.368,25.318,27.568,27.518,0.143,0.159,0.19,0.214,0.231,0.0,0.0,0.0,0.0,22.779816,370.0,0.4,0.0,4620.0,155.0,0.0,0.0,0.0,0.0,0.0,0.0,0.0,0.0,0.0,0.0,0.0,0.0,1014.4,0.0
2025-04-18 08:00:00+00:00,23.118,22.098648,94.0,27.355293,1010.91486,45.0,42.0,6.0,24140.0,0.01,0.0,0.16968107,5.0911684,5.0142193,4.73506,5.0142193,224.9999,248.96242,261.2539,291.03757,8.64,23.668001,23.068,22.368,22.918001,25.068,27.418001,27.518,0.146,0.159,0.19,0.214,0.231,0.0,0.0,0.0,0.0,22.365252,260.0,0.9,0.0,4580.0,150.0,0.0,0.0,0.0,0.0,0.0,0.0,0.0,0.0,0.0,0.0,0.0,0.0,1014.3,0.0
2025-04-18 09:00:00+00:00,22.718,21.350286,92.0,26.571535,1011.3091,37.0,37.0,0.0,24140.0,0.01,0.0,0.2208519,4.8965297,4.829907,4.1046314,4.6800003,216.02747,243.43501,254.74483,292.6199,8.28,23.868,23.168001,22.368,22.468,24.768,27.218,27.518,0.147,0.159,0.19,0.214,0.231,0.0,0.0,0.0,0.0,21.707392,170.0,1.2,0.0,4560.0,195.0,0.0,0.0,0.0,0.0,0.0,0.0,0.0,0.0,0.0,0.0,0.0,0.0,1014.7,0.0
2025-04-18 10:00:00+00:00,22.568,21.0238,91.0,26.276375,1011.8055,45.0,45.0,0.0,24140.0,0.01,0.0,0.24621773,4.6938257,4.2136917,4.0249224,4.6800003,212.47118,250.0168,259.69522,292.6199,7.92,23.868,23.268,22.368,22.168001,24.468,27.068,27.518,0.149,0.159,0.19,0.214,0.231,0.0,0.0,0.0,0.0,21.429106,150.0,1.3,0.0,4550.0,210.0,0.0,0.0,0.0,0.0,0.0,0.0,0.0,0.0,0.0,0.0,0.0,0.0,1015.2,0.0
2025-04-18 11:00:00+00:00,22.618,20.8934,90.0,26.227772,1012.40405,45.0,45.0,0.0,24140.0,0.01,0.017860701,0.2744093,4.8965297,5.2416787,5.0528407,5.815978,216.02747,254.05453,265.91446,291.80148,7.92,23.968,23.268,22.468,23.118,24.218,26.868,27.518,0.151,0.16,0.19,0.214,0.231,0.1,0.1,1.0,0.0,21.34845,140.0,1.2,0.0,4540.0,215.0,17.0,12.0,17.0,38.457466,27.146446,21.538054,5.0,50.43157,75.36572,11.31102,63.89399,170.49263,1015.8,0.0
2025-04-18 12:00:00+00:00,25.368,21.870197,81.0,29.60286,1013.1333,31.0,31.0,0.0,24140.0,0.050000004,0.112453826,0.61479807,4.2136917,5.0911684,5.771239,6.28713,250.0168,261.87,266.42374,283.24054,8.28,24.068,23.368,22.568,28.918001,24.868,26.718,27.518,0.151,0.16,0.19,0.214,0.231,1.05,1.05,1.0,3600.0,22.821243,200.0,0.1,0.0,4570.0,295.0,178.0,71.0,178.00003,263.49112,105.10039,263.49118,107.0,434.9622,333.88947,158.39073,643.86896,494.2523,1016.5,0.0
2025-04-18 13:00:00+00:00,26.868,21.842487,74.0,30.942814,1013.44904,0.0,0.0,0.0,24140.0,0.18,0.27840486,0.91916895,5.1919937,5.495161,5.315336,5.315336,303.6901,301.60745,298.30066,298.30066,11.159999,24.868,24.068,23.268,31.868,26.518,26.668001,27.518,0.147,0.16,0.189,0.213,0.231,2.95,2.95,1.0,3600.0,23.261002,310.0,-0.2,-47.0,4610.0,430.0,409.0,105.0,409.00003,500.57953,128.51064,500.57956,304.0,639.3861,645.3134,372.06888,782.5516,789.806,1016.8,0.0
2025-04-18 14:00:00+00:00,28.418001,21.699192,67.0,32.930454,1013.3666,25.0,25.0,0.0,24140.0,0.3,0.4402665,1.2770667,4.6938257,4.6938257,4.6938257,4.1046314,327.52884,327.52884,327.52884,322.12494,11.159999,26.168001,25.368,24.468,33.418,28.118,26.718,27.518,0.141,0.16,0.189,0.213,0.231,5.05,5.15,1.0,3600.0,23.66491,430.0,-0.7,-48.0,4640.0,560.0,620.0,127.0,620.0,700.1975,143.42755,700.1975,493.0,728.6837,918.24384,556.76996,822.9395,1037.0194,1016.7,0.0
2025-04-18 15:00:00+00:00,30.018,21.40689,60.0,35.59741,1012.98535,29.0,29.0,0.0,24140.0,0.35000002,0.5590705,1.6976023,2.7416782,2.7416782,2.4149535,2.3051248,23.198618,23.198618,26.564985,38.65983,10.799999,27.468,26.668001,25.768,35.567997,29.518,26.918001,27.468,0.134,0.16,0.188,0.212,0.23,7.1,7.1,1.0,3600.0,24.011694,610.0,-1.1,-15.0,4650.0,620.0,760.0,205.0,760.0,816.93964,220.3587,816.93964,555.0,664.1804,1134.0887,596.5809,713.9411,1219.0552,1016.3,0.0
2025-04-18 16:00:00+00:00,31.768,21.317759,54.0,37.63645,1012.3066,41.0,35.0,15.0,24140.0,0.38,0.673711,2.1568308,5.4119864,6.162207,6.162207,6.2145634,93.814,96.70974,96.70974,100.00792,12.599999,28.868,28.068,27.168001,38.767998,30.968,27.168001,27.468,0.125,0.159,0.187,0.211,0.23,8.5,8.5,1.0,3600.0,24.539719,690.0,-1.5,-8.0,4660.0,595.0,887.0,190.0,887.0,918.4857,196.7444,918.4857,697.0,740.08295,1278.1516,721.7413,766.3535,1323.5219,1015.6,0.0
2025-04-18 17:00:00+00:00,32.318,21.520905,53.0,37.244358,1011.81396,31.0,31.0,0.0,24140.0,0.43,0.72485346,2.2731864,12.7279215,14.021525,14.021525,13.891522,118.7397,119.197395,119.197395,121.218346,22.319998,29.068,28.368,27.468,40.668,32.618,27.518,27.468,0.116,0.158,0.186,0.211,0.23,9.05,9.15,1.0,3600.0,24.84083,800.0,-1.7,-3.0,4650.0,590.0,936.0,204.0,936.0,937.87634,204.40894,937.87634,732.0,741.007,1340.6294,733.4674,742.4925,1343.3169,1015.1,0.0
2025-04-18 18:00:00+00:00,32.267998,20.199173,49.0,35.68229,1011.5146,0.0,0.0,0.0,24140.0,0.42000005,0.7462379,2.4599915,17.713316,19.734436,19.95972,20.188908,127.568665,128.33337,129.14398,129.93633,30.599998,29.068,28.268,27.368,39.218,33.817997,27.918001,27.468,0.108,0.158,0.186,0.21,0.23,8.9,8.9,1.0,3600.0,24.059975,400.0,-1.6,0.0,4630.0,605.0,950.0,156.0,950.0,921.0284,151.24255,921.0284,794.0,817.9967,1317.2821,769.7858,793.0508,1277.1099,1014.8,0.0
2025-04-18 19:00:00+00:00,32.168,20.107746,49.0,34.87603,1011.3139,0.0,0.0,0.0,24140.0,0.36,0.7011299,2.4461784,19.453327,21.986542,22.493519,22.725668,128.991,129.68541,129.80553,130.50276,33.48,29.268,28.468,27.568,37.817997,34.218,28.368,27.468,0.102,0.157,0.185,0.209,0.23,7.8,7.8,1.0,3600.0,23.974432,470.0,-1.7,0.0,4650.0,615.0,879.0,104.0,879.0,820.6617,97.09763,820.6617,775.0,869.3933,1209.721,723.5641,811.69257,1129.433,1014.6,0.0
2025-04-18 20:00:00+00:00,31.668001,20.296623,51.0,33.549778,1011.1093,0.0,0.0,0.0,24140.0,0.29000002,0.594921,2.2847314,20.466246,23.507751,24.014996,24.485292,129.28938,130.0302,130.13542,131.42357,35.28,29.168001,28.368,27.468,35.718,34.017998,28.768,27.518,0.098,0.156,0.185,0.209,0.229,6.05,6.05,1.0,3600.0,23.9134,550.0,-1.4,-2.0,4700.0,590.0,726.0,90.0,726.0,644.62317,79.911964,644.62317,636.0,841.7778,1025.2961,564.71124,747.4235,910.3714,1014.4,0.0
2025-04-18 21:00:00+00:00,30.468,20.99152,57.0,31.64014,1011.19586,5.0,0.0,5.0,24140.0,0.23,0.4388322,1.8725915,21.897945,26.220753,26.729847,26.983196,133.66785,134.44382,134.4544,135.0001,37.44,28.468,27.768,26.868,31.868,33.267998,29.118,27.518,0.098,0.155,0.185,0.208,0.229,3.9,3.9,1.0,3600.0,23.913511,780.0,-2.0,-18.0,4740.0,625.0,515.0,81.0,515.0,421.01645,66.218124,421.01645,434.0,758.35614,776.59784,354.79834,619.962,634.87476,1014.5,0.0
2025-04-18 22:00:00+00:00,29.168001,21.66104,64.0,30.851528,1011.48096,40.0,0.0,40.0,18700.0,0.14000002,0.26089692,1.4549339,20.88,26.230639,27.0024,27.511158,136.39711,136.6683,137.16109,137.12111,37.44,27.768,27.068,26.268,29.068,32.017998,29.318,27.518,0.099,0.154,0.185,0.208,0.229,1.8,1.8,1.0,3600.0,23.886198,1040.0,-2.5,-40.0,4750.0,600.0,266.0,76.0,266.0,178.0753,50.878654,178.0753,190.0,536.4702,480.5931,127.19664,359.1432,321.73593,1014.8,0.0
2025-04-18 23:00:00+00:00,27.418001,22.148623,73.0,29.635849,1012.0597,57.0,0.0,57.0,18920.0,0.06,0.108217984,0.98573494,19.09358,25.711662,26.478971,26.983196,135.76381,135.5672,136.10162,135.0001,35.28,26.568,25.868,25.068,26.668001,30.618,29.418001,27.518,0.101,0.153,0.184,0.208,0.229,0.35,0.35,1.0,1665.5359,23.633245,1070.0,-2.7,-37.0,4760.0,525.0,54.0,32.0,53.999996,0.0,0.0,0.0,22.0,141.80327,157.47348,0.0,0.0,0.0,1015.4,0.0
2025-04-19 00:00:00+00:00,26.568,22.416756,78.0,29.77488,1012.6482,52.0,20.0,41.0,19940.0,0.04,0.038752425,0.76412845,13.363711,16.923828,18.089775,20.172853,152.74475,150.70874,148.84076,145.17545,31.319998,25.868,25.268,24.668001,26.218,29.368,29.368,27.568,0.104,0.152,0.184,0.208,0.229,0.0,0.0,0.0,0.0,23.550655,1080.0,-2.3,-37.0,4740.0,425.0,0.0,0.0,0.0,0.0,0.0,0.0,0.0,0.0,0.0,0.0,0.0,0.0,1016.0,0.0
2025-04-19 01:00:00+00:00,26.118,22.189535,79.0,30.090004,1012.94214,39.0,29.0,29.0,24140.0,0.03,0.014236568,0.7103286,7.2359104,8.825508,9.6932955,10.829958,174.2895,168.23174,164.93146,158.5522,23.039999,25.768,25.168001,24.568,25.568,28.518,29.318,27.568,0.108,0.152,0.184,0.208,0.229,0.0,0.0,0.0,0.0,23.262104,920.0,-2.2,-32.0,4710.0,280.0,0.0,0.0,0.0,0.0,0.0,0.0,0.0,0.0,0.0,0.0,0.0,0.0,1016.3,0.0
2025-04-19 02:00:00+00:00,25.268,22.369501,84.0,29.583519,1013.43097,41.0,30.0,31.0,24120.0,0.02,0.0017793432,0.51463366,5.5887027,5.6920996,5.506941,5.0528407,194.93147,198.43504,191.30989,184.08554,12.599999,25.668001,25.168001,24.668001,24.718,27.818,29.168001,27.568,0.111,0.151,0.184,0.208,0.229,0.0,0.0,0.0,0.0,23.138046,870.0,-1.8,-28.0,4670.0,230.0,0.0,0.0,0.0,0.0,0.0,0.0,0.0,0.0,0.0,0.0,0.0,0.0,1016.8,0.0
2025-04-19 03:00:00+00:00,24.718,22.21725,86.0,28.888973,1013.62427,47.0,38.0,31.0,24140.0,0.02,0.0003554782,0.4358108,5.991594,6.618519,5.904439,4.8965297,212.73521,224.9999,232.43134,233.97253,9.72,25.568,25.068,24.668001,24.518,27.218,29.018,27.568,0.115,0.151,0.184,0.208,0.229,0.0,0.0,0.0,0.0,22.87586,770.0,-1.8,-29.0,4680.0,255.0,0.0,0.0,0.0,0.0,0.0,0.0,0.0,0.0,0.0,0.0,0.0,0.0,1017.0,0.0
2025-04-19 04:00:00+00:00,24.218,21.726536,86.0,28.187908,1013.3195,71.0,47.0,48.0,24140.0,0.02,0.0,0.42300367,5.495161,6.4096174,6.12,5.1544156,211.60745,231.84273,241.92761,257.90524,16.919998,25.368,24.868,24.368,24.068,26.718,28.818,27.618,0.122,0.15,0.184,0.208,0.229,0.0,0.0,0.0,0.0,22.388168,600.0,-1.6,-29.0,4560.0,320.0,0.0,0.0,0.0,0.0,0.0,0.0,0.0,0.0,0.0,0.0,0.0,0.0,1016.7,0.0
2025-04-19 05:00:00+00:00,23.768,21.473581,87.0,27.843216,1012.8161,80.0,62.0,57.0,22760.0,0.02,0.0,0.38234067,3.8268526,4.802999,5.0528407,5.634891,221.18582,257.00537,274.08554,296.56497,16.56,24.768,24.168001,23.568,23.618,26.318,28.618,27.618,0.141,0.15,0.184,0.208,0.229,0.0,0.0,0.0,0.0,22.082422,410.0,-1.6,-23.0,4600.0,345.0,0.0,0.0,0.0,0.0,0.0,0.0,0.0,0.0,0.0,0.0,0.0,0.0,1016.2,0.0
2025-04-19 06:00:00+00:00,23.418001,21.315891,88.0,27.331934,1012.1143,41.0,41.0,0.0,24140.0,0.02,0.0,0.34558296,4.3498964,4.8965297,4.5536795,4.452954,204.44394,233.97253,251.56496,284.03625,7.5599995,24.568,24.068,23.468,23.118,25.918001,28.418001,27.618,0.142,0.151,0.184,0.208,0.229,0.0,0.0,0.0,0.0,21.87238,500.0,-1.5,-21.0,4610.0,365.0,0.0,0.0,0.0,0.0,0.0,0.0,0.0,0.0,0.0,0.0,0.0,0.0,1015.5,0.0
2025-04-19 07:00:00+00:00,23.068,21.337574,90.0,27.111307,1011.5125,28.0,28.0,0.0,24140.0,0.01,0.0,0.2819698,3.5455887,3.8939953,3.671294,4.3498964,203.9625,236.3099,258.6901,294.44394,7.2,24.568,23.968,23.368,22.668001,25.518,28.168001,27.618,0.143,0.151,0.184,0.208,0.229,0.0,0.0,0.0,0.0,21.791697,600.0,-1.5,-18.0,4610.0,330.0,0.0,0.0,0.0,0.0,0.0,0.0,0.0,0.0,0.0,0.0,0.0,0.0,1014.9,0.0
2025-04-19 08:00:00+00:00,22.868,21.320318,91.0,26.935247,1011.31067,27.0,27.0,0.0,24140.0,0.01,0.0,0.25072455,3.319036,3.219938,3.671294,3.8773184,192.5288,243.43501,258.6901,291.80148,5.7599998,24.568,23.968,23.168001,22.318,25.118,27.968,27.618,0.144,0.152,0.184,0.208,0.229,0.0,0.0,0.0,0.0,21.7253,670.0,-1.6,-25.0,4590.0,310.0,0.0,0.0,0.0,0.0,0.0,0.0,0.0,0.0,0.0,0.0,0.0,0.0,1014.7,0.0
2025-04-19 09:00:00+00:00,22.768,21.399773,92.0,27.047335,1011.6087,23.0,23.0,0.0,24140.0,0.01,0.0,0.22151995,2.16,2.2768397,2.9024127,3.5455887,180.0,251.56496,262.8751,293.9625,5.04,24.468,23.868,23.068,22.018,24.768,27.718,27.618,0.145,0.152,0.184,0.208,0.229,0.0,0.0,0.0,0.0,21.756872,730.0,-1.5,-29.0,4580.0,300.0,0.0,0.0,0.0,0.0,0.0,0.0,0.0,0.0,0.0,0.0,0.0,0.0,1015.0,0.0
2025-04-19 10:00:00+00:00,22.718,21.350286,92.0,26.903406,1012.3057,17.0,17.0,0.0,24140.0,-0.0,0.0,0.2208519,2.6208394,2.6208394,3.2399998,3.5455887,195.94547,254.05453,270.0,293.9625,3.96,24.268,23.768,22.968,21.718,24.418001,27.518,27.618,0.146,0.152,0.183,0.208,0.229,0.0,0.0,0.0,0.0,21.707392,750.0,-1.4,-38.0,4590.0,290.0,0.0,0.0,0.0,0.0,0.0,0.0,0.0,0.0,0.0,0.0,0.0,0.0,1015.7,0.0
2025-04-19 11:00:00+00:00,22.718,21.350286,92.0,26.72017,1012.90375,12.0,12.0,0.0,24140.0,-0.0,0.014558643,0.2208519,3.8773184,3.396233,3.319036,3.4152596,201.80147,237.99466,257.4712,288.43503,6.12,24.168001,23.668001,22.868,23.118,24.218,27.268,27.618,0.147,0.153,0.183,0.208,0.229,0.1,0.1,1.0,134.43716,21.707392,740.0,-1.6,-52.0,4600.0,300.0,19.0,11.0,19.000004,42.86916,24.818987,24.251717,8.0,79.64593,77.0837,18.050173,101.66054,173.92175,1016.3,0.0
2025-04-19 12:00:00+00:00,25.468,22.760242,85.0,30.487331,1013.63245,9.0,9.0,0.0,24140.0,0.04,0.11521,0.4882114,2.3051248,3.5455887,3.4152596,3.2599385,218.65984,246.0375,251.56496,263.6599,6.4799995,24.268,23.668001,22.868,29.468,24.968,27.068,27.618,0.147,0.153,0.183,0.208,0.229,1.05,1.05,1.0,3600.0,23.469868,880.0,-2.0,-24.0,4620.0,365.0,191.0,54.0,190.99997,281.70697,79.644905,281.70694,137.0,551.4507,337.0098,202.06207,813.3377,497.05768,1017.0,0.0
2025-04-19 13:00:00+00:00,27.318,22.71484,76.0,32.361725,1014.0519,49.0,49.0,0.0,24140.0,0.16,0.28764054,0.87105393,1.9386592,1.835647,1.8,1.4399999,291.80148,281.3099,270.0,270.0,6.12,25.368,24.568,23.768,32.017998,26.768,27.018,27.618,0.143,0.154,0.183,0.207,0.229,2.95,2.95,1.0,3600.0,23.976913,1070.0,-2.1,-19.0,4640.0,445.0,424.0,90.0,424.00006,518.3631,110.0299,518.36316,334.0,699.40454,647.7937,408.3332,855.0601,791.9631,1017.4,0.0
2025-04-19 14:00:00+00:00,29.168001,22.165333,66.0,34.62235,1013.9728,39.0,39.0,0.0,24140.0,0.26,0.44727182,1.3740389,0.5091169,1.1384199,1.1384199,1.8,224.9999,198.43504,198.43504,180.0,5.3999996,26.868,26.068,25.168001,34.718,28.368,27.068,27.618,0.137,0.154,0.183,0.207,0.229,5.15,5.15,1.0,3600.0,24.200493,1140.0,-2.0,-28.0,4660.0,515.0,625.0,139.0,625.0,705.47217,156.897,705.47217,486.0,716.5037,920.0817,548.57513,808.75757,1038.5474,1017.3,0.0
2025-04-19 15:00:00+00:00,30.968,21.16869,56.0,36.36414,1013.69354,36.0,36.0,0.0,24140.0,0.34,0.5984375,1.9715221,4.6102495,5.6233797,5.8603754,5.8603754,128.65984,129.80553,132.5104,132.5104,11.5199995,28.168001,27.368,26.468,37.817997,30.418001,27.268,27.618,0.127,0.153,0.183,0.206,0.229,7.1,7.1,1.0,3600.0,24.185715,890.0,-2.0,-29.0,4660.0,525.0,802.0,176.0,802.0,861.82654,189.12901,861.82654,626.0,747.91547,1135.3254,672.6975,803.70746,1220.017,1017.0,0.0
2025-04-19 16:00:00+00:00,31.868,21.105476,53.0,36.780834,1013.20465,37.0,37.0,0.0,24140.0,0.39000002,0.68518275,2.2162592,10.1887,11.183201,11.183201,11.384198,122.00535,123.17853,123.17853,124.69522,18.72,28.668001,27.968,27.068,40.067997,32.068,27.568,27.568,0.117,0.153,0.183,0.206,0.228,8.5,8.5,1.0,3600.0,24.44839,870.0,-1.9,-23.0,4630.0,660.0,892.0,220.0,892.0,923.491,227.76685,923.491,672.0,712.7406,1278.8695,695.7242,737.9031,1324.0184,1016.5,0.0
2025-04-19 17:00:00+00:00,32.118,21.025835,52.0,36.32923,1012.70917,21.0,21.0,0.0,24140.0,0.39000002,0.7060587,2.2956176,14.264361,15.530151,15.782622,16.29174,132.95459,134.0609,135.0001,135.0001,24.84,28.768,27.968,27.068,40.567997,33.517998,27.968,27.568,0.108,0.152,0.183,0.205,0.228,9.15,9.15,1.0,3600.0,24.485037,900.0,-2.0,-6.0,4560.0,900.0,904.0,236.0,904.0,905.70886,236.4461,905.70886,668.0,675.6836,1340.9468,669.2627,676.9609,1343.4816,1016.0,0.0
2025-04-19 18:00:00+00:00,32.567997,20.473433,49.0,36.17092,1012.0161,0.0,0.0,0.0,24140.0,0.38,0.7536263,2.5018406,17.581125,19.881649,20.390114,20.898613,137.4896,137.93575,137.86247,137.79277,30.599998,29.168001,28.368,27.468,40.317997,34.517998,28.368,27.618,0.1,0.152,0.183,0.204,0.228,8.9,8.9,1.0,3600.0,24.316607,860.0,-2.2,-2.0,4520.0,835.0,955.0,155.0,955.0,925.8242,150.26466,925.8242,800.0,823.68085,1317.3448,775.5596,798.5169,1277.0992,1015.3,0.0
2025-04-19 19:00:00+00:00,32.267998,20.526394,50.0,35.087513,1011.714,10.0,9.0,3.0,24140.0,0.35000002,0.7021063,2.4116886,20.111729,23.166216,23.675303,24.184391,135.72514,135.62952,135.61598,135.60303,33.12,29.068,28.368,27.468,38.468,34.718,28.768,27.618,0.095,0.151,0.183,0.204,0.228,7.8,7.8,1.0,3600.0,24.246683,940.0,-3.2,-1.0,4510.0,825.0,881.0,129.0,881.0,822.53613,120.43945,822.53613,752.0,843.144,1209.6912,702.0967,787.19226,1129.4149,1015.0,0.0
2025-04-19 20:00:00+00:00,31.518,20.78233,53.0,33.51575,1011.4067,20.0,19.0,5.0,24140.0,0.31,0.59999216,2.1728425,21.897945,25.460934,25.96995,26.478971,133.66785,133.85432,133.87679,133.89838,35.28,28.868,28.168001,27.168001,35.418,34.368,29.218,27.618,0.093,0.15,0.183,0.203,0.227,6.05,6.05,1.0,3600.0,24.143158,1060.0,-4.0,-5.0,4510.0,635.0,745.0,100.0,745.0,661.5663,88.80085,661.5663,645.0,853.1752,1025.3446,572.76544,757.62683,910.5147,1014.7,0.0
2025-04-19 21:00:00+00:00,30.668001,20.88975,56.0,31.860332,1011.3975,30.0,28.0,8.0,16000.0,0.26,0.4579799,1.9381588,21.38897,25.72174,26.230639,26.493652,133.63614,133.29869,133.33171,132.79738,37.8,28.568,27.868,26.968,32.567997,33.668,29.518,27.618,0.092,0.149,0.183,0.203,0.227,3.9,3.9,1.0,3600.0,23.92057,1110.0,-4.1,-21.0,4500.0,580.0,545.0,77.0,545.0,445.69983,62.970432,445.69983,468.0,817.00714,776.8878,382.7294,668.14667,635.3372,1014.7,0.0
2025-04-19 22:00:00+00:00,29.618,21.031706,60.0,31.442265,1011.58545,31.0,24.0,13.0,24140.0,0.20000002,0.28048968,1.6591246,17.581125,21.38897,22.148046,22.657131,137.4896,136.36386,135.65846,135.64366,31.68,28.268,27.568,26.768,30.168001,32.567997,29.718,27.618,0.093,0.148,0.183,0.203,0.227,1.8,1.8,1.0,3600.0,23.65227,1050.0,-3.8,-15.0,4520.0,580.0,302.0,57.0,302.0,202.46533,38.213654,202.46533,245.0,690.403,481.27316,164.25168,462.8565,322.65274,1014.9,0.0
2025-04-19 23:00:00+00:00,28.418001,20.951784,64.0,31.09053,1012.07086,31.0,21.0,18.0,24140.0,0.13,0.10558565,1.3932595,11.4862,14.982228,15.696165,16.641972,147.80429,144.78232,143.39284,141.14662,25.199999,27.968,27.268,26.468,27.868,31.118,29.818,27.668001,0.095,0.148,0.182,0.202,0.227,0.35,0.35,1.0,2457.8567,23.20192,930.0,-3.6,-20.0,4530.0,630.0,84.0,24.0,84.000015,0.0,0.0,0.0,60.0,385.73495,158.66248,0.0,0.0,0.0,1015.4,0.0
2025-04-20 00:00:00+00:00,27.318,20.893576,68.0,30.474262,1012.4571,32.0,17.0,23.0,15240.0,0.08,0.03489059,1.1616046,7.968939,10.636766,11.435313,12.287555,161.56496,156.0375,151.8215,148.17259,19.08,27.568,26.968,26.168001,26.118,29.818,29.818,27.668001,0.098,0.147,0.182,0.202,0.227,0.0,0.0,0.0,0.0,22.8,810.0,-3.5,-30.0,4550.0,565.0,0.0,0.0,0.0,0.0,0.0,0.0,0.0,0.0,0.0,0.0,0.0,0.0,1015.8,0.0
2025-04-20 01:00:00+00:00,26.418001,20.962523,72.0,29.760033,1012.9456,21.0,11.0,15.0,24140.0,0.050000004,0.02256284,0.96411324,6.9527545,9.659814,10.1887,10.883676,158.74942,153.43501,147.99466,145.78424,17.28,27.168001,26.568,25.768,25.168001,28.868,29.718,27.668001,0.101,0.147,0.182,0.202,0.227,0.0,0.0,0.0,0.0,22.548563,700.0,-3.3,-47.0,4550.0,540.0,0.0,0.0,0.0,0.0,0.0,0.0,0.0,0.0,0.0,0.0,0.0,0.0,1016.3,0.0
2025-04-20 02:00:00+00:00,25.618,21.285103,77.0,29.02356,1013.43506,11.0,6.0,8.0,14920.0,0.04,0.018289473,0.75538325,7.7043357,10.233123,10.948973,11.212135,142.59457,140.71062,136.33215,137.60262,15.84,26.768,26.168001,25.368,24.768,28.068,29.568,27.718,0.104,0.146,0.182,0.202,0.227,0.0,0.0,0.0,0.0,22.50374,590.0,-2.9,-45.0,4540.0,555.0,0.0,0.0,0.0,0.0,0.0,0.0,0.0,0.0,0.0,0.0,0.0,0.0,1016.8,0.0
2025-04-20 03:00:00+00:00,24.968,21.277786,80.0,28.268353,1013.62683,0.0,0.0,0.0,24140.0,0.03,0.015817957,0.6319864,8.404285,10.948973,11.480557,11.480557,136.73567,133.66785,131.18582,131.18582,14.04,26.368,25.768,24.968,24.418001,27.418001,29.368,27.718,0.107,0.146,0.182,0.202,0.227,0.0,0.0,0.0,0.0,22.298782,500.0,-2.8,-45.0,4540.0,615.0,0.0,0.0,0.0,0.0,0.0,0.0,0.0,0.0,0.0,0.0,0.0,0.0,1017.0,0.0
2025-04-20 04:00:00+00:00,24.518,21.042171,81.0,27.762333,1013.32275,11.0,11.0,0.0,24140.0,0.02,0.012273427,0.5845046,7.928177,10.182337,10.703569,10.97262,140.52757,135.0001,132.27362,131.00899,13.679999,25.968,25.368,24.568,24.018,26.918001,29.168001,27.718,0.11,0.146,0.182,0.202,0.227,0.0,0.0,0.0,0.0,22.00296,440.0,-2.6,-40.0,4560.0,575.0,0.0,0.0,0.0,0.0,0.0,0.0,0.0,0.0,0.0,0.0,0.0,0.0,1016.7,0.0
2025-04-20 05:00:00+00:00,24.218,20.949389,82.0,27.53423,1012.82117,22.0,22.0,0.0,24140.0,0.02,0.007935919,0.5439007,7.10031,9.0,9.449572,9.931042,149.53453,143.13002,139.63554,136.46873,13.32,25.468,24.868,24.068,23.718,26.468,28.968,27.718,0.112,0.145,0.182,0.202,0.227,0.0,0.0,0.0,0.0,21.84935,410.0,-2.4,-44.0,4570.0,555.0,0.0,0.0,0.0,0.0,0.0,0.0,0.0,0.0,0.0,0.0,0.0,0.0,1016.2,0.0
2025-04-20 06:00:00+00:00,23.868,20.804733,83.0,27.197437,1012.4184,33.0,33.0,0.0,24140.0,0.02,0.0044814604,0.503026,6.489992,7.9036193,8.287822,8.942214,160.55988,149.9315,145.6196,139.89915,12.959999,25.168001,24.568,23.768,23.368,26.118,28.718,27.718,0.115,0.145,0.182,0.202,0.227,0.0,0.0,0.0,0.0,21.645582,380.0,-2.2,-49.0,4590.0,535.0,0.0,0.0,0.0,0.0,0.0,0.0,0.0,0.0,0.0,0.0,0.0,0.0,1015.8,0.0
2025-04-20 07:00:00+00:00,23.318,20.84321,86.0,26.799679,1012.213,38.0,38.0,0.0,24140.0,0.02,0.0,0.4007759,5.5887027,6.439876,6.792466,7.2,165.06853,153.43501,147.99466,143.13002,11.159999,24.968,24.368,23.668001,22.668001,25.718,28.468,27.718,0.117,0.145,0.182,0.202,0.227,0.0,0.0,0.0,0.0,21.51032,350.0,-2.0,-48.0,4600.0,540.0,0.0,0.0,0.0,0.0,0.0,0.0,0.0,0.0,0.0,0.0,0.0,0.0,1015.6,0.0
2025-04-20 08:00:00+00:00,22.668001,20.761106,89.0,26.23177,1012.10583,42.0,42.0,0.0,24140.0,0.01,0.0,0.30276942,4.73506,4.5536795,4.829907,4.8965297,171.25392,161.56496,153.43501,143.97253,9.36,24.868,24.368,23.568,21.918001,25.318,28.268,27.768,0.12,0.145,0.181,0.202,0.227,0.0,0.0,0.0,0.0,21.267488,330.0,-1.9,-46.0,4620.0,535.0,0.0,0.0,0.0,0.0,0.0,0.0,0.0,0.0,0.0,0.0,0.0,0.0,1015.5,0.0
2025-04-20 09:00:00+00:00,22.518,20.974379,91.0,26.357119,1012.1041,47.0,47.0,0.0,24140.0,0.01,0.0,0.24547362,3.6179552,2.9024127,3.0758414,2.9024127,174.2895,172.87508,159.44388,150.2552,7.5599995,24.768,24.268,23.568,22.068,25.068,28.018,27.768,0.122,0.145,0.181,0.202,0.227,0.0,0.0,0.0,0.0,21.37974,320.0,-1.8,-51.0,4630.0,455.0,0.0,0.0,0.0,0.0,0.0,0.0,0.0,0.0,0.0,0.0,0.0,0.0,1015.5,0.0
2025-04-20 10:00:00+00:00,22.968,21.23887,90.0,27.052055,1012.40826,44.0,44.0,0.0,24140.0,-0.0,0.0,0.2802739,2.9024127,2.0991426,1.835647,1.1384199,187.12492,210.96368,191.30989,198.43504,6.4799995,24.468,24.068,23.368,23.718,24.768,27.768,27.768,0.125,0.145,0.181,0.202,0.227,0.0,0.0,0.0,0.0,21.693197,340.0,-1.7,-50.0,4640.0,420.0,0.0,0.0,0.0,0.0,0.0,0.0,0.0,0.0,0.0,0.0,0.0,0.0,1015.8,0.0
2025-04-20 11:00:00+00:00,23.818,21.522724,87.0,28.195282,1012.91614,40.0,40.0,0.0,24140.0,-0.0,0.0077154394,0.3834889,1.9386592,2.2768397,2.2768397,2.16,201.80147,251.56496,251.56496,270.0,5.7599998,24.068,23.768,23.168001,26.318,24.568,27.468,27.768,0.128,0.145,0.181,0.202,0.227,0.1,0.1,1.0,860.1063,22.131315,370.0,-1.7,-60.0,4640.0,420.0,38.0,15.0,37.999992,85.52609,33.7603,48.849304,23.0,226.09236,78.777084,51.765793,290.64362,177.30252,1016.3,0.0
2025-04-20 12:00:00+00:00,25.018,21.729912,82.0,29.600876,1013.2287,37.0,37.0,0.0,24140.0,0.02,0.10275651,0.5704584,1.2979984,2.52,2.52,2.6208394,213.6901,270.0,270.0,285.94547,4.68,24.168001,23.868,23.268,29.018,24.968,27.318,27.768,0.128,0.145,0.181,0.202,0.227,1.1,1.1,1.0,3600.0,22.62158,390.0,-2.1,-38.0,4650.0,435.0,170.0,63.0,169.99998,249.84674,92.59026,249.84673,107.0,426.5736,340.07745,157.25648,626.9296,499.80734,1016.6,0.0
2025-04-20 13:00:00+00:00,26.718,21.4756,73.0,31.348736,1013.4472,36.0,36.0,0.0,24140.0,0.08,0.24525067,0.9461849,0.0,1.5273507,1.5273507,1.8,270.0,315.0001,315.0001,323.13,6.4799995,25.068,24.668001,23.968,31.868,26.268,27.268,27.768,0.125,0.145,0.181,0.201,0.227,2.95,2.95,1.0,3600.0,22.974882,410.0,-1.8,-49.0,4650.0,625.0,365.0,114.0,365.0,445.7471,139.21964,445.7471,251.0,523.35254,650.21564,306.52747,639.13116,794.0596,1016.8,0.0
2025-04-20 14:00:00+00:00,28.718,20.455048,61.0,32.784508,1013.5691,35.0,35.0,0.0,24140.0,0.17,0.4216418,1.5358956,2.0364676,2.3051248,2.0364676,2.0364676,44.999897,38.65983,44.999897,44.999897,8.28,26.468,25.768,24.968,34.918,28.168001,27.268,27.718,0.12,0.145,0.181,0.201,0.227,5.15,5.15,1.0,3600.0,23.002834,430.0,-1.9,-40.0,4650.0,725.0,591.0,146.0,591.0,666.7493,164.71303,666.7493,445.0,654.43164,921.8576,502.0363,738.31104,1040.0134,1016.9,0.0
2025-04-20 15:00:00+00:00,30.368,19.10179,51.0,34.86409,1013.3879,34.0,34.0,0.0,24140.0,0.24,0.5906018,2.1220667,3.7585104,4.452954,4.379589,4.3349743,73.300674,75.96373,80.53775,85.23644,10.08,27.568,26.768,25.868,37.267998,30.018,27.418001,27.718,0.114,0.145,0.181,0.2,0.227,7.1,7.1,1.0,3600.0,22.790304,400.0,-1.7,-28.0,4650.0,870.0,801.0,164.0,801.0,860.4971,176.18167,860.4971,637.0,759.85004,1136.5006,684.31537,816.2905,1220.9181,1016.7,0.0
2025-04-20 16:00:00+00:00,31.318,17.248066,43.0,35.194798,1012.7999,23.0,23.0,0.0,24140.0,0.3,0.7070116,2.6061668,7.072878,8.311245,8.427383,8.891344,104.743614,107.650215,109.98319,111.3707,16.919998,28.168001,27.368,26.368,38.817997,31.768,27.718,27.718,0.106,0.145,0.181,0.199,0.227,8.5,8.5,1.0,3600.0,22.114544,280.0,-1.8,-11.0,4650.0,1000.0,933.0,169.0,933.0,965.76196,174.93437,965.76196,764.0,809.45245,1279.5289,790.8276,837.87616,1324.4592,1016.1,0.0
2025-04-20 17:00:00+00:00,31.918001,15.422923,37.0,34.274868,1012.00916,11.0,11.0,0.0,24140.0,0.35000002,0.7778713,2.9804492,12.904882,14.386494,14.57889,14.57889,120.141304,121.701385,122.90524,122.90524,23.4,28.468,27.668001,26.768,39.718,33.418,28.118,27.718,0.098,0.144,0.18,0.199,0.226,9.15,9.15,1.0,3600.0,21.383282,120.0,-2.1,-6.0,4650.0,990.0,988.0,164.0,988.0,989.7579,164.2918,989.7579,824.0,832.85236,1341.2117,825.46606,834.33417,1343.5979,1015.3,0.0
2025-04-20 18:00:00+00:00,32.168,14.329587,34.0,33.19074,1011.2143,0.0,0.0,0.0,24140.0,0.37000003,0.7931504,3.1669824,17.49615,19.513195,19.734436,20.018072,126.63421,127.50422,128.33337,127.694305,30.239998,28.768,27.968,27.068,39.567997,34.517998,28.518,27.718,0.091,0.144,0.18,0.198,0.226,8.9,8.9,1.0,3600.0,20.92718,10.0,-2.8,0.0,4650.0,945.0,972.0,149.0,972.0,942.25494,144.4403,942.25494,823.0,846.88153,1317.3624,797.81464,820.96533,1277.0486,1014.5,0.0
2025-04-20 19:00:00+00:00,32.168,14.778618,35.0,32.46965,1010.51654,0.0,0.0,0.0,24140.0,0.36,0.7531094,3.1189096,20.421871,22.961115,23.199759,23.708124,130.71075,131.18582,131.85495,131.92245,33.12,29.068,28.268,27.368,37.918,34.767998,28.918001,27.718,0.087,0.143,0.18,0.198,0.226,7.75,7.8,1.0,3600.0,21.148766,10.0,-3.7,0.0,4660.0,765.0,897.0,124.0,897.0,837.48315,115.77248,837.48315,773.0,866.2551,1209.6278,721.7107,808.77826,1129.3679,1013.8,0.0
2025-04-20 20:00:00+00:00,31.818,15.750839,38.0,31.545406,1009.9148,0.0,0.0,0.0,24140.0,0.32,0.66005987,2.9165425,22.148046,25.711662,25.96496,26.474075,134.34154,134.43282,135.0001,135.0001,35.64,29.268,28.468,27.568,35.267998,34.468,29.318,27.768,0.085,0.143,0.18,0.197,0.225,6.05,6.05,1.0,3600.0,21.514145,70.0,-4.0,-8.0,4680.0,700.0,760.0,96.0,760.0,674.96295,85.25848,674.96295,664.0,877.8003,1025.3698,589.70447,779.58246,910.64026,1013.2,0.0
2025-04-20 21:00:00+00:00,31.168001,16.741806,42.0,30.321037,1009.5091,0.0,0.0,0.0,15300.0,0.27,0.5212009,2.6294906,22.42427,27.248455,27.757376,28.266304,137.60262,136.60596,136.5765,136.54811,38.519997,29.168001,28.468,27.568,32.618,33.767998,29.618,27.768,0.084,0.142,0.18,0.197,0.225,3.9,3.9,1.0,3600.0,21.795393,110.0,-3.9,-22.0,4690.0,705.0,564.0,72.0,564.0,461.4034,58.902565,461.4034,492.0,858.1233,777.1656,402.50085,702.0231,635.79224,1012.8,0.0
2025-04-20 22:00:00+00:00,30.018,17.139124,46.0,29.452156,1009.49677,3.0,3.0,0.0,15420.0,0.21000002,0.35128403,2.292569,21.203358,27.0024,28.528723,29.024128,139.82083,137.16109,137.04541,136.00499,35.28,28.768,28.168001,27.268,30.118,32.618,29.818,27.768,0.084,0.142,0.18,0.197,0.225,1.85,1.85,1.0,3600.0,21.59452,90.0,-3.4,-21.0,4710.0,680.0,327.0,51.0,326.99997,219.54224,34.240532,219.5422,276.0,776.2375,481.95068,185.3017,521.15265,323.5735,1012.8,0.0
2025-04-20 23:00:00+00:00,28.518,17.087444,50.0,28.32539,1009.879,7.0,7.0,0.0,24140.0,0.15,0.18097818,1.9469516,18.504139,25.501621,27.757376,28.766228,142.90709,138.43373,136.5765,135.50697,32.039997,28.068,27.568,26.768,27.618,31.118,29.918001,27.818,0.086,0.141,0.18,0.196,0.225,0.25,0.35,1.0,2472.6382,21.022715,40.0,-2.6,-28.0,4730.0,675.0,99.0,21.0,98.99998,0.0,0.0,0.0,78.0,500.15387,159.86057,0.0,0.0,0.0,1013.2,0.0
2025-04-21 00:00:00+00:00,27.168001,17.058247,54.0,27.347528,1010.26276,10.0,10.0,0.0,24140.0,0.10000001,0.11376439,1.6557387,15.876775,23.000591,25.984919,26.983196,147.0306,140.07967,137.24576,135.0001,28.8,27.468,26.968,26.268,25.668001,29.768,29.918001,27.818,0.088,0.141,0.18,0.196,0.225,0.0,0.0,0.0,0.0,20.509775,10.0,-1.9,-30.0,4750.0,555.0,0.0,0.0,0.0,0.0,0.0,0.0,0.0,0.0,0.0,0.0,0.0,0.0,1013.6,0.0
2025-04-21 01:00:00+00:00,26.168001,16.982143,57.0,26.682598,1010.8497,15.0,7.0,8.0,24140.0,0.07000001,0.08700013,1.4594296,13.363711,19.376562,21.758419,22.691423,152.74475,144.83348,141.04408,138.21558,25.199999,26.868,26.368,25.668001,24.568,28.818,29.818,27.818,0.09,0.14,0.18,0.196,0.225,0.0,0.0,0.0,0.0,20.096804,0.0,-1.7,-48.0,4730.0,600.0,0.0,0.0,0.0,0.0,0.0,0.0,0.0,0.0,0.0,0.0,0.0,0.0,1014.2,0.0
2025-04-21 02:00:00+00:00,25.368,17.304485,61.0,26.342257,1011.63824,20.0,3.0,17.0,24140.0,0.050000004,0.06287454,1.2624463,11.165805,15.459054,16.485485,17.57744,159.22766,152.24155,148.39255,145.0079,21.96,26.368,25.768,25.068,24.018,28.018,29.618,27.868,0.093,0.14,0.179,0.196,0.225,0.0,0.0,0.0,0.0,19.980787,0.0,-1.4,-80.0,4710.0,620.0,0.0,0.0,0.0,0.0,0.0,0.0,0.0,0.0,0.0,0.0,0.0,0.0,1015.0,0.0
2025-04-21 03:00:00+00:00,24.518,17.261906,64.0,25.702106,1012.0271,25.0,0.0,25.0,24140.0,0.04,0.04660835,1.1078342,9.605998,12.181625,12.57426,13.363711,167.00539,161.0295,156.3706,152.74475,18.359999,25.868,25.268,24.568,23.468,27.268,29.418001,27.868,0.095,0.139,0.179,0.196,0.225,0.0,0.0,0.0,0.0,19.643646,0.0,-1.1,-113.0,4690.0,690.0,0.0,0.0,0.0,0.0,0.0,0.0,0.0,0.0,0.0,0.0,0.0,0.0,1015.4,0.0
2025-04-21 04:00:00+00:00,23.618,17.36618,68.0,24.961924,1011.9172,17.0,0.0,17.0,24140.0,0.03,0.034468595,0.9330263,8.825508,10.587917,10.829958,11.113451,168.23174,162.18102,158.5522,155.09526,16.919998,25.468,24.868,24.168001,22.668001,26.568,29.168001,27.868,0.097,0.139,0.179,0.196,0.225,0.0,0.0,0.0,0.0,19.376194,0.0,-0.8,-152.0,4670.0,610.0,0.0,0.0,0.0,0.0,0.0,0.0,0.0,0.0,0.0,0.0,0.0,0.0,1015.3,0.0
2025-04-21 05:00:00+00:00,22.718,17.409836,72.0,24.120829,1011.5084,8.0,0.0,8.0,24140.0,0.03,0.025926776,0.7732414,8.557102,10.028439,9.983106,9.826088,165.37909,158.96242,154.35904,151.55717,15.4800005,25.168001,24.668001,23.868,21.868,25.918001,28.918001,27.868,0.1,0.139,0.179,0.196,0.225,0.0,0.0,0.0,0.0,19.079527,0.0,-0.3,-186.0,4640.0,560.0,0.0,0.0,0.0,0.0,0.0,0.0,0.0,0.0,0.0,0.0,0.0,0.0,1014.9,0.0
2025-04-21 06:00:00+00:00,21.968,17.543726,76.0,23.53129,1011.20087,0.0,0.0,0.0,24140.0,0.03,0.01651584,0.63326526,7.8625183,8.699793,8.707237,8.587338,164.05453,155.55606,150.2552,146.97614,14.04,24.868,24.368,23.568,21.118,25.318,28.668001,27.868,0.102,0.139,0.179,0.196,0.225,0.0,0.0,0.0,0.0,18.899128,0.0,0.0,-229.0,4620.0,605.0,0.0,0.0,0.0,0.0,0.0,0.0,0.0,0.0,0.0,0.0,0.0,0.0,1014.6,0.0
2025-04-21 07:00:00+00:00,21.318,17.924292,81.0,23.266977,1010.89417,0.0,0.0,0.0,24140.0,0.03,0.004475276,0.4818163,6.379216,6.6087217,6.792466,6.696387,163.61038,150.64235,147.99466,143.74608,12.24,24.668001,24.168001,23.368,20.118,24.668001,28.368,27.868,0.105,0.139,0.179,0.196,0.225,0.0,0.0,0.0,0.0,18.922367,0.0,0.1,-257.0,4600.0,605.0,0.0,0.0,0.0,0.0,0.0,0.0,0.0,0.0,0.0,0.0,0.0,0.0,1014.3,0.0
2025-04-21 08:00:00+00:00,20.768,18.340153,86.0,23.201979,1010.6886,0.0,0.0,0.0,24140.0,0.02,0.0,0.34323597,4.3498964,4.39436,4.8965297,4.8433046,155.55606,145.0079,143.97253,138.01286,10.08,24.468,23.868,23.068,19.218,24.068,28.068,27.868,0.107,0.138,0.179,0.196,0.225,0.0,0.0,0.0,0.0,19.023077,0.0,0.3,-282.0,4580.0,595.0,0.0,0.0,0.0,0.0,0.0,0.0,0.0,0.0,0.0,0.0,0.0,0.0,1014.1,0.0
2025-04-21 09:00:00+00:00,20.718,18.658112,88.0,23.484995,1010.68787,0.0,0.0,0.0,24140.0,0.02,0.0,0.29329157,3.0758414,2.5959969,3.096837,3.0547013,159.44388,146.3099,144.46223,135.0001,8.28,24.168001,23.668001,22.868,19.418001,23.668001,27.768,27.868,0.11,0.138,0.179,0.196,0.225,0.0,0.0,0.0,0.0,19.225708,0.0,0.8,-110.0,4560.0,565.0,0.0,0.0,0.0,0.0,0.0,0.0,0.0,0.0,0.0,0.0,0.0,0.0,1014.1,0.0
2025-04-21 10:00:00+00:00,21.268,19.016197,87.0,24.179478,1011.09296,0.0,0.0,0.0,24140.0,0.01,0.0,0.32862687,3.2399998,2.2768397,2.2768397,1.484318,180.0,198.43504,198.43504,194.03627,9.0,23.568,23.168001,22.468,21.518,23.318,27.418001,27.868,0.113,0.138,0.179,0.196,0.225,0.0,0.0,0.0,0.0,19.637836,0.0,1.6,0.0,4550.0,555.0,0.0,0.0,0.0,0.0,0.0,0.0,0.0,0.0,0.0,0.0,0.0,0.0,1014.5,0.0
2025-04-21 11:00:00+00:00,22.318,19.67309,85.0,25.30545,1011.6033,0.0,0.0,0.0,24140.0,-0.0,0.013351221,0.40423417,4.896529,4.39436,4.198285,3.319036,197.10281,235.0079,239.0363,257.4712,9.36,22.968,22.668001,21.968,24.718,23.118,27.118,27.868,0.115,0.138,0.178,0.196,0.225,0.1,0.1,1.0,898.62805,20.405197,0.0,1.8,-1.0,4540.0,575.0,42.0,13.0,42.0,94.3073,29.190353,54.359123,29.0,281.5719,80.44413,65.11694,364.42862,180.6302,1015.0,0.0
2025-04-21 12:00:00+00:00,23.718,19.85878,79.0,26.758574,1012.0182,0.0,0.0,0.0,24140.0,0.02,0.11440155,0.61586404,5.154415,5.634891,5.3517847,5.04,204.77512,243.43501,250.34608,270.0,10.08,22.968,22.668001,21.968,27.968,23.568,26.868,27.868,0.116,0.138,0.178,0.196,0.225,1.1,1.1,1.0,3600.0,20.964426,0.0,1.3,0.0,4530.0,800.0,185.0,56.0,184.99998,270.9563,82.0192,270.95627,129.0,509.4853,343.08896,188.93709,746.2067,502.4979,1015.4,0.0
2025-04-21 13:00:00+00:00,25.618,19.507877,69.0,28.78952,1012.13934,0.0,0.0,0.0,24140.0,0.08,0.25862715,1.0182865,3.0547013,4.3349743,4.32,4.5536795,224.9999,265.23645,270.0,288.43503,10.440001,23.968,23.568,22.768,31.068,25.068,26.768,27.868,0.114,0.138,0.178,0.196,0.225,2.2,2.2,1.0,3600.0,21.370502,0.0,1.5,-37.0,4560.0,800.0,388.0,94.0,388.0,473.33008,114.67275,473.33008,294.0,610.45605,652.5768,358.65732,744.7093,796.0933,1015.5,0.0
2025-04-21 14:00:00+00:00,27.918001,18.044764,55.0,30.996529,1012.06506,0.0,0.0,0.0,24140.0,0.16,0.43571186,1.6921153,2.3051248,3.563818,3.563818,3.8268526,321.34018,315.0001,315.0001,318.81415,10.440001,25.568,24.868,24.068,34.168,27.268,26.768,27.818,0.109,0.138,0.178,0.195,0.225,3.65,3.65,1.0,3600.0,21.328968,10.0,1.6,-100.0,4600.0,775.0,623.0,110.0,623.0,702.49335,124.03574,702.49335,513.0,752.6206,923.5705,578.45764,848.6533,1041.416,1015.4,0.0
2025-04-21 15:00:00+00:00,29.868,16.65643,45.0,33.475117,1011.78766,0.0,0.0,0.0,24140.0,0.23,0.6100191,2.3151057,3.96,3.96,3.6,3.2399998,360.0,360.0,360.0,360.0,10.799999,26.968,26.168001,25.268,36.918,29.318,26.918001,27.818,0.104,0.138,0.178,0.195,0.225,5.05,5.05,1.0,3600.0,21.285278,10.0,1.9,-134.0,4630.0,770.0,838.0,112.0,838.0,899.9837,120.284225,899.9837,726.0,864.6909,1137.6129,779.6995,928.64886,1221.7578,1015.1,0.0
2025-04-21 16:00:00+00:00,31.468,15.846328,39.0,35.681023,1011.1074,0.0,0.0,0.0,24140.0,0.28000003,0.73005116,2.8131711,3.8268526,4.072935,3.8268526,3.319036,41.185837,44.999897,48.814175,49.398785,13.32,28.168001,27.368,26.368,39.618,31.168001,27.168001,27.818,0.098,0.138,0.178,0.194,0.225,6.55,6.55,1.0,3600.0,21.439262,0.0,2.4,-104.0,4640.0,825.0,979.0,112.0,979.0,1013.19586,115.912094,1013.19586,867.0,917.64355,1280.1298,897.2838,949.6963,1324.8439,1014.4,0.0
2025-04-21 17:00:00+00:00,32.767998,15.744795,36.0,36.86963,1010.22424,0.0,0.0,0.0,24140.0,0.31,0.8008448,3.1761994,6.130579,6.489992,6.130579,5.7599998,86.63361,86.82024,86.63361,90.0,15.4800005,29.268,28.368,27.468,41.918,32.868,27.568,27.818,0.091,0.137,0.178,0.194,0.224,8.05,8.05,1.0,3600.0,21.842018,0.0,2.9,-45.0,4660.0,900.0,1041.0,110.0,1041.0,1042.7395,110.18381,1042.7395,931.0,940.3349,1341.4238,932.55566,941.9061,1343.6653,1013.5,0.0
2025-04-21 18:00:00+00:00,33.317997,16.228931,36.0,36.78741,1009.4325,0.0,0.0,0.0,24140.0,0.33,0.8104774,3.2755213,9.793058,10.24578,9.904906,9.565437,107.10281,108.43504,109.09359,109.798965,18.0,29.768,28.968,28.068,42.418,34.017998,27.968,27.818,0.085,0.137,0.178,0.193,0.224,8.8,8.8,1.0,3600.0,22.277298,10.0,3.2,0.0,4670.0,945.0,1024.0,104.0,1024.0,992.6136,100.81232,992.6136,920.0,946.19354,1317.3369,891.8013,917.19196,1276.9595,1012.7,0.0
2025-04-21 19:00:00+00:00,32.668,17.313383,40.0,35.291046,1008.8274,0.0,0.0,0.0,24140.0,0.32,0.7521421,2.960679,14.20062,15.683774,15.379206,15.277749,120.46546,121.865944,122.57404,124.43905,24.84,29.468,28.668001,27.768,39.868,34.418,28.418001,27.818,0.082,0.137,0.178,0.192,0.224,8.4,8.4,1.0,3600.0,22.618277,90.0,2.9,10.0,4690.0,940.0,938.0,95.0,938.0,875.775,88.6979,875.775,843.0,944.2564,1209.5303,787.0771,881.6164,1129.2926,1012.1,0.0
2025-04-21 20:00:00+00:00,31.268,18.273745,46.0,32.663925,1008.4139,0.0,0.0,0.0,24140.0,0.29000002,0.6320591,2.4618104,19.174856,21.94524,22.183128,22.183128,129.6678,131.00899,131.71066,131.71066,31.319998,28.568,27.768,26.868,35.468,34.317997,28.918001,27.818,0.08,0.136,0.177,0.192,0.224,7.3,7.3,1.0,3600.0,22.64718,200.0,2.4,5.0,4700.0,905.0,783.0,83.0,783.0,695.4711,73.72172,695.4711,700.0,924.881,1025.3716,621.7494,821.4917,910.74884,1011.7,0.0
2025-04-21 21:00:00+00:00,29.868,18.952898,52.0,30.060322,1008.1994,0.0,0.0,0.0,24140.0,0.25,0.4781603,2.020101,22.401142,26.474075,26.987997,27.497026,135.0001,135.0001,136.08084,136.06082,38.16,27.768,26.968,26.068,31.618,33.718,29.268,27.818,0.08,0.136,0.177,0.191,0.224,5.9,5.9,1.0,3600.0,22.53194,250.0,2.0,0.0,4720.0,840.0,574.0,70.0,574.0,469.75522,57.28722,469.75522,504.0,878.2681,777.4324,412.468,718.76483,636.24207,1011.5,0.0
2025-04-21 22:00:00+00:00,28.568,18.93658,56.0,28.636356,1008.3845,6.0,0.0,6.0,24140.0,0.20000002,0.3142718,1.7180407,22.42427,28.04305,29.598919,30.10685,137.60262,138.12222,138.94528,138.87863,36.719997,27.168001,26.368,25.568,29.018,32.468,29.468,27.818,0.081,0.136,0.177,0.191,0.224,4.2,4.2,1.0,3600.0,22.064535,200.0,2.0,0.0,4740.0,720.0,331.0,53.0,331.0,222.55011,35.634914,222.55011,278.0,780.33563,482.62817,186.9152,524.66394,324.49835,1011.7,0.0
2025-04-21 23:00:00+00:00,27.268,18.557997,59.0,27.445988,1008.7689,11.0,0.0,11.0,24140.0,0.13,0.16038743,1.484257,20.466246,27.887802,29.96662,30.7542,140.71062,140.76265,141.34018,141.65439,35.28,26.468,25.968,25.168001,26.968,30.768,29.568,27.868,0.083,0.135,0.177,0.191,0.223,2.2,2.2,1.0,2487.5881,21.38568,100.0,2.2,0.0,4770.0,570.0,100.0,22.0,99.99998,0.0,0.0,0.0,78.0,498.8518,161.06743,0.0,0.0,0.0,1012.1,0.0
2025-04-22 00:00:00+00:00,26.168001,18.571507,63.0,26.744314,1009.25494,17.0,0.0,17.0,24140.0,0.08,0.09579828,1.2556329,17.786331,25.77962,28.373846,29.168886,144.0578,144.09018,144.29323,144.54445,33.839996,25.968,25.468,24.768,25.368,29.268,29.568,27.868,0.085,0.135,0.177,0.191,0.223,0.75,0.75,0.0,0.0,21.000875,20.0,2.4,0.0,4790.0,455.0,0.0,0.0,0.0,0.0,0.0,0.0,0.0,0.0,0.0,0.0,0.0,0.0,1012.6,0.0
2025-04-22 01:00:00+00:00,25.368,18.797497,67.0,26.599821,1009.84424,21.0,0.0,21.0,24140.0,0.050000004,0.06504469,1.0680978,14.021525,20.808498,22.90743,23.532547,150.80261,149.88635,149.80847,150.6901,27.72,25.568,25.068,24.368,24.418001,28.268,29.468,27.868,0.087,0.135,0.177,0.191,0.223,0.15,0.15,0.0,0.0,20.85226,0.0,2.4,0.0,4770.0,410.0,0.0,0.0,0.0,0.0,0.0,0.0,0.0,0.0,0.0,0.0,0.0,0.0,1013.2,0.0
2025-04-22 02:00:00+00:00,24.768,19.153807,71.0,26.800869,1010.4351,25.0,0.0,25.0,24140.0,0.04,0.03538566,0.90569735,9.6932955,14.003029,15.141414,16.171976,164.93146,162.03076,161.99574,163.17851,21.24,25.268,24.668001,23.968,23.918001,27.568,29.318,27.868,0.089,0.134,0.176,0.191,0.223,0.05,0.05,0.0,0.0,20.861881,0.0,2.4,0.0,4750.0,405.0,0.0,0.0,0.0,0.0,0.0,0.0,0.0,0.0,0.0,0.0,0.0,0.0,1013.8,0.0
2025-04-22 03:00:00+00:00,24.218,19.505608,75.0,26.784088,1010.8278,29.0,0.0,29.0,24140.0,0.03,0.01740924,0.75551486,7.208994,9.3669195,9.726665,10.464798,182.86235,182.20255,182.12105,183.94511,15.119999,24.968,24.368,23.668001,23.568,26.918001,29.118,27.868,0.092,0.134,0.176,0.191,0.223,0.0,0.0,0.0,0.0,20.897938,0.0,2.5,0.0,4730.0,405.0,0.0,0.0,0.0,0.0,0.0,0.0,0.0,0.0,0.0,0.0,0.0,0.0,1014.2,0.0
2025-04-22 04:00:00+00:00,23.668001,19.604904,78.0,26.46879,1010.72186,47.0,24.0,36.0,24140.0,0.02,0.007998028,0.6432705,5.937272,6.9527545,6.28713,6.12,194.03627,201.25058,203.6294,208.07239,12.959999,24.868,24.268,23.568,23.218,26.368,28.918001,27.868,0.095,0.134,0.176,0.191,0.223,0.0,0.0,0.0,0.0,20.782162,0.0,2.7,0.0,4730.0,415.0,0.0,0.0,0.0,0.0,0.0,0.0,0.0,0.0,0.0,0.0,0.0,0.0,1014.1,0.0
2025-04-22 05:00:00+00:00,23.168001,19.726936,81.0,26.143646,1010.51685,64.0,49.0,44.0,24140.0,0.02,0.0016210265,0.5390651,5.1544156,5.1919937,3.8939953,3.6179552,192.09474,213.6901,236.3099,264.2895,10.799999,24.768,24.268,23.568,23.018,25.968,28.668001,27.918001,0.097,0.134,0.176,0.191,0.223,0.0,0.0,0.0,0.0,20.703339,10.0,2.9,0.0,4730.0,440.0,0.0,0.0,0.0,0.0,0.0,0.0,0.0,0.0,0.0,0.0,0.0,0.0,1013.9,0.0
2025-04-22 06:00:00+00:00,22.818,19.97191,84.0,26.069132,1010.2139,82.0,73.0,51.0,24140.0,0.02,0.0,0.44444084,4.1046314,3.8939953,3.671294,5.0911684,195.25517,236.3099,281.3099,315.0001,8.64,24.668001,24.168001,23.468,22.818,25.618,28.418001,27.918001,0.101,0.134,0.176,0.191,0.223,0.0,0.0,0.0,0.0,20.76056,10.0,3.1,0.0,4730.0,445.0,0.0,0.0,0.0,0.0,0.0,0.0,0.0,0.0,0.0,0.0,0.0,0.0,1013.6,0.0
2025-04-22 07:00:00+00:00,22.668001,20.392382,87.0,26.352608,1010.0129,82.0,76.0,34.0,24140.0,0.02,0.0,0.3578298,2.5959969,3.2599385,4.6102495,6.489992,213.6901,276.3401,308.65982,326.3099,7.5599995,24.368,23.868,23.168001,22.468,25.268,28.218,27.918001,0.106,0.134,0.176,0.191,0.223,0.0,0.0,0.0,0.0,21.006807,10.0,3.2,0.0,4760.0,420.0,0.0,0.0,0.0,0.0,0.0,0.0,0.0,0.0,0.0,0.0,0.0,0.0,1013.4,0.0
2025-04-22 08:00:00+00:00,22.668001,20.761106,89.0,26.6546,1009.91315,82.0,79.0,17.0,24140.0,0.01,0.0,0.30276942,1.835647,4.1046314,5.692099,7.10031,258.6901,307.87503,325.30478,329.53452,6.8399997,23.968,23.568,22.768,22.168001,25.018,27.968,27.918001,0.112,0.134,0.176,0.191,0.223,0.0,0.0,0.0,0.0,21.267488,0.0,3.4,0.0,4780.0,380.0,0.0,0.0,0.0,0.0,0.0,0.0,0.0,0.0,0.0,0.0,0.0,0.0,1013.3,0.0
2025-04-22 09:00:00+00:00,22.818,20.90896,89.0,26.771269,1010.01465,82.0,82.0,0.0,24140.0,0.01,0.0,0.3055277,2.5959969,5.1919937,6.439876,7.24486,303.6901,326.3099,333.43503,333.43503,5.7599998,23.668001,23.168001,22.468,22.418001,24.868,27.768,27.918001,0.117,0.134,0.176,0.191,0.223,0.0,0.0,0.0,0.0,21.414883,0.0,3.4,0.0,4810.0,360.0,0.0,0.0,0.0,0.0,0.0,0.0,0.0,0.0,0.0,0.0,0.0,0.0,1013.4,0.0
2025-04-22 10:00:00+00:00,23.118,20.265518,84.0,26.631842,1010.51624,79.0,79.0,0.0,24140.0,0.01,0.0,0.4525602,3.319036,5.634891,6.28713,6.763786,319.39877,333.43503,336.3706,334.79892,6.8399997,23.268,22.768,22.068,23.468,24.718,27.518,27.918001,0.12,0.134,0.176,0.191,0.223,0.0,0.0,0.0,0.0,21.051678,0.0,3.3,0.0,4830.0,370.0,0.0,0.0,0.0,0.0,0.0,0.0,0.0,0.0,0.0,0.0,0.0,0.0,1013.9,0.0
2025-04-22 11:00:00+00:00,23.568,19.300451,77.0,26.49934,1011.2189,77.0,77.0,0.0,24140.0,-0.0,0.023608891,0.6684947,4.0249224,5.154415,5.4833565,5.95906,333.43503,335.22488,336.8014,334.98312,7.5599995,22.968,22.268,21.668001,25.068,24.668001,27.318,27.868,0.121,0.135,0.175,0.191,0.223,0.0,0.0,1.0,205.61412,20.552334,0.0,3.2,0.0,4850.0,400.0,28.0,19.0,28.0,62.732124,42.568226,36.47537,9.0,86.34149,82.08297,20.163897,112.47633,183.90141,1014.6,0.0
2025-04-22 12:00:00+00:00,24.368,18.313965,69.0,26.73873,1011.7265,74.0,74.0,0.0,24140.0,0.02,0.097073965,0.9453771,4.6800003,5.0142193,5.0142193,5.4833565,337.3801,338.9624,338.9624,336.8014,8.64,22.968,22.268,21.668001,27.218,25.068,27.168001,27.868,0.12,0.135,0.175,0.191,0.223,0.4,0.4,1.0,3600.0,20.209906,0.0,3.0,0.0,4870.0,430.0,124.0,78.0,124.0,181.00658,113.85898,181.00658,46.0,180.02847,346.04068,67.147606,262.79303,505.1261,1015.1,0.0
2025-04-22 13:00:00+00:00,25.668001,18.0993,63.0,27.822544,1011.94037,49.0,49.0,0.0,24140.0,0.07000001,0.21170089,1.2191188,5.4833565,5.815978,5.4833565,5.95906,336.8014,338.19852,336.8014,334.98312,10.440001,23.568,22.868,22.168001,30.268,26.218,27.118,27.868,0.117,0.135,0.175,0.191,0.223,1.7,1.7,1.0,3600.0,20.546371,0.0,2.8,0.0,4860.0,455.0,284.0,141.0,284.0,346.09723,171.82997,346.09723,143.0,295.71942,654.8726,174.26727,360.37912,798.06195,1015.3,0.0
2025-04-22 14:00:00+00:00,27.268,17.726938,56.0,29.114586,1011.85876,25.0,25.0,0.0,24140.0,0.15,0.36877203,1.5929656,6.439876,6.439876,6.439876,6.439876,333.43503,333.43503,333.43503,333.43503,12.599999,24.668001,23.868,23.068,33.868,27.818,27.118,27.868,0.112,0.135,0.175,0.19,0.223,3.45,3.45,1.0,3600.0,20.915556,10.0,2.6,0.0,4860.0,485.0,500.0,186.0,500.0,563.51764,209.62856,563.51764,314.0,459.596,925.21814,353.88907,517.9809,1042.7534,1015.2,0.0
2025-04-22 15:00:00+00:00,28.818,17.362707,50.0,31.649189,1011.57697,0.0,0.0,0.0,24140.0,0.21000002,0.5291863,1.9810196,5.815978,5.815978,5.815978,5.4833565,338.19852,338.19852,338.19852,336.8014,14.4,25.768,24.968,24.068,36.968,29.418001,27.218,27.868,0.106,0.135,0.175,0.19,0.223,5.1,5.1,1.0,3600.0,21.280634,10.0,2.4,0.0,4850.0,540.0,719.0,206.0,719.0,771.9619,221.17406,771.9619,513.0,610.1035,1138.6616,550.78784,655.04407,1222.536,1014.9,0.0
2025-04-22 16:00:00+00:00,30.468,16.482893,43.0,34.384113,1010.7972,0.0,0.0,0.0,24140.0,0.26,0.65556765,2.4831676,3.5455887,3.5455887,3.5455887,3.0758414,23.962492,23.962492,23.962492,20.556128,16.199999,27.068,26.268,25.368,39.668,31.118,27.468,27.868,0.099,0.135,0.175,0.189,0.223,6.65,6.65,1.0,3600.0,21.41074,10.0,2.2,1.0,4820.0,665.0,885.0,191.0,885.0,915.75226,197.63693,915.75226,694.0,733.8255,1280.6711,718.11536,759.32477,1325.1724,1014.1,0.0
2025-04-22 17:00:00+00:00,32.017998,15.084409,36.0,35.524166,1009.8172,0.0,0.0,0.0,24140.0,0.29000002,0.7526517,3.0449772,6.12,6.4799995,6.130579,6.130579,90.0,90.0,93.366394,93.366394,18.0,28.468,27.668001,26.668001,41.918,32.868,27.818,27.868,0.092,0.134,0.175,0.189,0.222,8.15,8.15,1.0,3600.0,21.248451,10.0,1.9,3.0,4800.0,820.0,986.0,150.0,986.0,987.5441,150.23491,987.5441,836.0,843.81915,1341.5845,837.3092,845.1407,1343.6855,1013.1,0.0
2025-04-22 18:00:00+00:00,32.868,14.478689,33.0,35.363285,1009.02905,0.0,0.0,0.0,24140.0,0.31,0.7961155,3.3440785,10.703569,11.503113,11.298495,10.966713,109.653915,110.13639,112.47948,113.19862,19.8,29.268,28.468,27.568,42.418,34.017998,28.218,27.868,0.086,0.134,0.175,0.188,0.222,8.85,8.85,1.0,3600.0,21.243988,10.0,1.6,0.0,4770.0,910.0,1003.0,113.0,1003.0,972.21106,109.53125,972.21106,890.0,914.8858,1317.2686,862.6798,886.8017,1276.8326,1012.3,0.0
2025-04-22 19:00:00+00:00,32.468,15.041884,35.0,34.080853,1008.52625,15.0,12.0,11.0,24140.0,0.3,0.7520203,3.172024,14.386494,16.179987,16.075521,15.778516,121.701385,122.27562,124.04598,124.77791,25.199999,29.268,28.468,27.568,40.017998,34.368,28.618,27.868,0.082,0.134,0.175,0.188,0.222,8.45,8.45,1.0,3600.0,21.384481,0.0,1.1,-8.0,4770.0,885.0,928.0,95.0,928.0,866.4531,88.6994,866.4531,833.0,932.6444,1209.4008,777.7537,870.7895,1129.1908,1011.8,0.0
2025-04-22 20:00:00+00:00,31.318,16.109234,40.0,31.875961,1008.2149,30.0,24.0,21.0,24140.0,0.27,0.6404209,2.7435567,18.35647,21.166653,21.142147,21.142147,131.82008,131.55252,132.92996,132.92996,30.239998,28.668001,27.868,27.068,35.868,34.218,29.068,27.868,0.08,0.133,0.174,0.187,0.222,7.35,7.35,1.0,3600.0,21.520739,0.0,0.6,-21.0,4760.0,800.0,775.0,85.0,775.0,688.4484,75.50725,688.4484,690.0,911.1859,1025.3533,612.94116,809.4252,910.84235,1011.5,0.0
2025-04-22 21:00:00+00:00,30.118,17.229912,46.0,29.762306,1008.1023,45.0,36.0,32.0,24140.0,0.23,0.4905315,2.3057253,20.633371,24.458813,24.72495,24.993437,137.12111,137.38599,137.95085,138.50363,35.64,28.068,27.268,26.468,32.218,33.618,29.418001,27.868,0.079,0.133,0.174,0.187,0.222,5.95,5.95,1.0,3600.0,21.678734,0.0,0.2,-37.0,4760.0,730.0,568.0,74.0,568.0,465.01688,60.583183,465.01688,494.0,860.08704,777.6893,404.4337,704.14606,636.68774,1011.4,0.0
2025-04-22 22:00:00+00:00,29.018,18.169432,52.0,28.97474,1008.2896,56.0,27.0,45.0,24140.0,0.18,0.32264736,1.9237664,20.746122,25.63847,26.208397,26.712873,141.34018,141.84273,142.81522,142.66673,34.2,27.568,26.868,26.068,29.818,32.468,29.618,27.868,0.079,0.133,0.174,0.187,0.222,4.2,4.2,1.0,3600.0,21.7941,20.0,0.1,-62.0,4770.0,710.0,328.0,56.0,328.0,220.85521,37.70699,220.85521,272.0,762.0055,483.3063,183.14822,513.0881,325.42902,1011.6,0.0
2025-04-22 23:00:00+00:00,27.868,18.84593,58.0,28.411972,1008.57635,68.0,19.0,58.0,24140.0,0.12,0.15881366,1.5746152,18.875126,25.1614,26.562046,26.865265,145.09743,146.08253,147.17146,147.5877,32.399998,27.068,26.368,25.568,27.868,30.968,29.718,27.918001,0.081,0.132,0.174,0.187,0.222,2.25,2.25,1.0,2502.6987,21.764662,40.0,0.2,-90.0,4770.0,710.0,100.0,24.0,100.00001,0.0,0.0,0.0,76.0,484.79822,162.2833,0.0,0.0,0.0,1011.9,0.0
