,date,temperature_2m,dew_point_2m,relative_humidity_2m,apparent_temperature,surface_pressure,cloud_cover,cloud_cover_low,cloud_cover_mid,visibility,evapotranspiration,et0_fao_evapotranspiration,vapour_pressure_deficit,wind_speed_10m,wind_speed_80m,wind_speed_120m,wind_speed_180m,wind_direction_10m,wind_direction_80m,wind_direction_120m,wind_direction_180m,wind_gusts_10m,temperature_80m,temperature_120m,temperature_180m,soil_temperature_0cm,soil_temperature_6cm,soil_temperature_18cm,soil_temperature_54cm,soil_moisture_0_to_1cm,soil_moisture_1_to_3cm,soil_moisture_3_to_9cm,soil_moisture_9_to_27cm,soil_moisture_27_to_81cm,uv_index,uv_index_clear_sky,is_day,sunshine_duration,wet_bulb_temperature_2m,cape,lifted_index,convective_inhibition,freezing_level_height,boundary_layer_height,shortwave_radiation,diffuse_radiation,global_tilted_irradiance,shortwave_radiation_instant,diffuse_radiation_instant,global_tilted_irradiance_instant,direct_radiation,direct_normal_irradiance,terrestrial_radiation,direct_radiation_instant,direct_normal_irradiance_instant,terrestrial_radiation_instant,pressure_msl
0,2025-04-02 04:00:00+00:00,24.068,21.195229,84.0,27.488958,1014.0154,0.0,0.0,0.0,24140.0,0.02,0.0057690004,0.4791324,7.2805495,9.227524,10.630672,11.983188,171.46931,159.44388,151.69934,147.26479,14.4,25.168001,24.668001,23.868,23.018,25.768,28.068,27.368,0.142,0.163,0.201,0.219,0.23,0.0,0.0,0.0,0.0,21.973562,80.0,-0.5,-8.0,4650.0,615.0,0.0,0.0,0.0,0.0,0.0,0.0,0.0,0.0,0.0,0.0,0.0,0.0,1017.4
1,2025-04-02 05:00:00+00:00,23.368,21.266676,88.0,26.995796,1013.60876,0.0,0.0,0.0,24140.0,0.02,0.0,0.3445449,6.130579,7.42159,8.373386,9.511088,176.6336,165.96373,154.5367,150.5242,12.24,24.968,24.468,23.768,22.618,25.318,27.868,27.368,0.145,0.163,0.2,0.219,0.23,0.0,0.0,0.0,0.0,21.823368,60.0,-0.1,-20.0,4680.0,520.0,0.0,0.0,0.0,0.0,0.0,0.0,0.0,0.0,0.0,0.0,0.0,0.0,1017.0
2,2025-04-02 06:00:00+00:00,22.968,21.23887,90.0,26.530325,1013.3053,0.0,0.0,0.0,24140.0,0.01,0.0,0.2802739,6.4799995,7.69592,8.427383,9.504273,180.0,169.21574,160.0168,155.37645,10.08,24.768,24.368,23.668001,22.368,24.918001,27.668001,27.368,0.148,0.163,0.203,0.22,0.23,0.0,0.0,0.0,0.0,21.693197,60.0,0.5,-32.0,4670.0,495.0,0.0,0.0,0.0,0.0,0.0,0.0,0.0,0.0,0.0,0.0,0.0,0.0,1016.7
3,2025-04-02 07:00:00+00:00,22.618,21.07322,91.0,26.144613,1012.5038,0.0,0.0,0.0,24140.0,0.01,0.0,0.24696445,6.12,6.87779,7.8625183,9.028754,180.0,173.99109,164.05453,156.50142,10.799999,24.568,24.168001,23.568,22.118,24.618,27.418001,27.368,0.151,0.164,0.202,0.22,0.23,0.0,0.0,0.0,0.0,21.478472,50.0,0.8,-28.0,4630.0,520.0,0.0,0.0,0.0,0.0,0.0,0.0,0.0,0.0,0.0,0.0,0.0,0.0,1015.9
4,2025-04-02 08:00:00+00:00,22.318,20.954391,92.0,25.939358,1012.20123,7.0,7.0,0.0,24140.0,0.01,0.0,0.2155664,5.04,5.4119864,5.937272,7.289444,180.0,176.186,165.96373,159.77505,10.08,24.568,24.168001,23.568,21.768,24.318,27.218,27.368,0.153,0.164,0.202,0.22,0.23,0.0,0.0,0.0,0.0,21.311546,10.0,0.6,-31.0,4640.0,450.0,0.0,0.0,0.0,0.0,0.0,0.0,0.0,0.0,0.0,0.0,0.0,0.0,1015.6
5,2025-04-02 09:00:00+00:00,21.918001,20.733969,93.0,25.474323,1012.3961,8.0,8.0,0.0,24140.0,0.01,0.0,0.18409085,4.6938252,3.9763298,4.3349743,5.6920996,184.39862,185.19434,175.23645,161.56496,8.28,24.368,24.168001,23.568,21.318,23.968,26.968,27.368,0.155,0.165,0.202,0.22,0.23,0.0,0.0,0.0,0.0,21.04401,0.0,0.1,-21.0,4660.0,450.0,0.0,0.0,0.0,0.0,0.0,0.0,0.0,0.0,0.0,0.0,0.0,0.0,1015.8
6,2025-04-02 10:00:00+00:00,21.618,20.436644,93.0,24.915686,1012.592,21.0,21.0,0.0,24140.0,0.01,0.0,0.18075752,5.4119864,4.3349743,4.73506,5.6920996,176.186,175.23645,171.25392,161.56496,9.0,24.268,23.968,23.468,21.168001,23.668001,26.768,27.368,0.157,0.165,0.202,0.22,0.23,0.0,0.0,0.0,0.0,20.746443,0.0,-0.2,-25.0,4650.0,460.0,0.0,0.0,0.0,0.0,0.0,0.0,0.0,0.0,0.0,0.0,0.0,0.0,1016.0
7,2025-04-02 11:00:00+00:00,21.618,20.436644,93.0,24.968061,1013.489,19.0,19.0,0.0,24140.0,0.01,0.014663491,0.18075752,5.0528407,4.3349743,4.6938252,5.5887027,175.91446,175.23645,175.60138,165.06853,9.0,24.168001,23.968,23.368,21.568,23.418001,26.518,27.368,0.159,0.166,0.202,0.22,0.23,0.05,0.05,1.0,0.0,20.746443,0.0,0.0,-27.0,4630.0,445.0,6.0,4.0,5.999999,14.781015,9.854011,6.1848783,2.0,26.680618,42.963825,4.9270053,27.502733,105.84149,1016.9
8,2025-04-02 12:00:00+00:00,24.018,21.719297,87.0,27.930893,1014.314,0.0,0.0,0.0,24140.0,0.03,0.0822724,0.38811064,5.8603754,6.28713,7.2359104,8.759178,190.6196,193.24052,185.7105,170.53775,8.64,24.468,24.168001,23.668001,26.768,23.918001,26.318,27.368,0.159,0.167,0.204,0.221,0.23,0.8,0.8,1.0,3600.0,22.32688,10.0,-0.5,-4.0,4620.0,540.0,139.0,52.0,139.0,222.77794,83.341385,222.77794,87.0,435.45755,273.65594,139.43655,697.916,438.5935,1017.7
9,2025-04-02 13:00:00+00:00,26.868,20.224762,67.0,30.26099,1014.9441,0.0,0.0,0.0,24140.0,0.14000002,0.2507184,1.1668098,3.9763298,4.68,5.04,7.172949,185.19434,180.0,180.0,162.47433,9.36,25.168001,24.468,23.868,31.618,25.668001,26.218,27.318,0.157,0.167,0.203,0.221,0.23,2.6,2.6,1.0,3600.0,22.23553,10.0,-0.3,-1.0,4650.0,730.0,367.0,85.0,367.00006,459.24902,106.36558,459.24908,282.0,649.63116,594.57043,352.88342,812.92224,744.0215,1018.3
10,2025-04-02 14:00:00+00:00,28.468,19.68175,59.0,31.328468,1014.5629,25.0,25.0,0.0,24140.0,0.3,0.43174157,1.5915523,7.653705,8.669949,9.178235,10.195057,138.81418,138.36655,138.17992,137.86247,14.4,26.268,25.568,24.668001,34.218,27.668001,26.318,27.318,0.151,0.168,0.202,0.22,0.23,4.75,4.75,1.0,3600.0,22.45965,10.0,0.2,0.0,4680.0,845.0,596.0,114.0,596.0,680.0664,130.07982,680.0664,482.0,752.3022,877.53674,549.98663,858.4152,1001.3143,1017.9
11,2025-04-02 15:00:00+00:00,29.568,19.57637,55.0,32.335587,1014.47534,12.0,12.0,0.0,24140.0,0.40000004,0.577974,1.8613925,14.336861,16.135872,16.641972,17.148247,128.8845,128.65984,128.85338,129.0355,24.119999,26.968,26.168001,25.268,37.418,29.518,26.518,27.318,0.143,0.168,0.201,0.219,0.23,6.8,6.8,1.0,3600.0,22.780941,0.0,0.6,0.0,4680.0,1160.0,775.0,152.0,775.0,837.9877,164.35371,837.9877,623.0,773.3998,1103.2761,673.634,836.2574,1192.9442,1017.8
12,2025-04-02 16:00:00+00:00,30.168001,19.229366,52.0,32.55706,1014.28265,12.0,12.0,0.0,24140.0,0.45,0.68235004,2.0550895,19.734436,22.322903,22.828087,23.333443,128.33337,127.79401,127.95429,128.10762,32.760002,27.268,26.568,25.568,37.868,31.268,26.818,27.318,0.133,0.167,0.2,0.219,0.229,8.3,8.3,1.0,3600.0,22.792355,0.0,1.0,0.0,4650.0,990.0,911.0,173.0,911.0,946.85474,179.80885,946.85474,738.0,804.4775,1256.4125,767.04584,836.13965,1305.8617,1017.6
13,2025-04-02 17:00:00+00:00,30.418001,19.147753,51.0,32.437263,1013.88684,3.0,3.0,0.0,24140.0,0.44,0.71458256,2.1281319,22.691423,26.009844,26.518099,26.787966,131.78442,131.63345,131.69804,131.18584,37.8,27.468,26.668001,25.768,38.067997,32.318,27.218,27.318,0.126,0.167,0.199,0.218,0.229,9.0,9.0,1.0,3600.0,22.833502,20.0,1.0,0.0,4640.0,745.0,948.0,168.0,948.0,952.1902,168.74257,952.1902,780.0,805.3035,1326.5219,783.44763,808.86304,1332.3851,1017.2
14,2025-04-02 18:00:00+00:00,30.568,19.905048,53.0,32.05159,1013.3901,8.0,8.0,0.0,24140.0,0.41,0.71287847,2.0587015,28.075384,32.726357,33.510952,34.01762,130.84027,129.64413,129.3327,129.41737,44.639996,27.568,26.868,25.868,37.317997,33.067997,27.618,27.318,0.122,0.166,0.2,0.218,0.229,8.8,8.8,1.0,3600.0,23.31467,100.0,0.8,0.0,4680.0,625.0,951.0,139.0,951.0,923.3034,134.95181,923.3034,812.0,849.6465,1308.8406,788.35156,824.9017,1270.7224,1016.7
15,2025-04-02 19:00:00+00:00,29.618,20.758375,59.0,30.831425,1012.6819,25.0,25.0,0.0,24140.0,0.3,0.6071246,1.7006452,29.09103,34.411556,35.16225,35.9153,139.01427,137.9683,137.4896,137.03091,48.96,26.868,26.068,25.168001,35.067997,33.067997,28.018,27.318,0.119,0.165,0.199,0.217,0.229,7.75,7.75,1.0,3600.0,23.488867,260.0,0.1,0.0,4680.0,725.0,828.0,141.0,828.0,773.3565,131.69476,773.3565,687.0,781.0445,1204.5908,641.66174,729.4998,1125.0944,1016.0
16,2025-04-02 20:00:00+00:00,28.968,21.214937,63.0,29.744041,1012.4755,33.0,30.0,4.0,24140.0,0.24,0.48476946,1.4782462,28.28464,34.126022,35.132755,35.893642,137.5792,136.70978,135.83023,135.4063,49.32,26.568,25.768,24.868,33.218,32.618,28.318,27.318,0.117,0.165,0.198,0.217,0.229,5.9,6.0,1.0,3600.0,23.546085,330.0,-0.8,-4.0,4670.0,785.0,644.0,169.0,644.0,571.17126,149.88812,571.17126,475.0,637.1771,1020.89624,421.28317,565.12,905.44507,1015.8
17,2025-04-02 21:00:00+00:00,28.268,20.80992,64.0,28.416286,1012.26825,25.0,25.0,0.0,24140.0,0.19,0.38519293,1.3812003,28.28464,35.143818,36.150883,37.16553,137.5792,136.66025,135.80684,135.0001,47.88,26.268,25.568,24.668001,30.518,31.868,28.568,27.318,0.117,0.164,0.198,0.217,0.229,3.85,3.85,1.0,3600.0,23.065062,230.0,-1.3,-13.0,4660.0,795.0,482.0,112.0,481.99997,392.1872,91.13064,392.1872,370.0,657.7814,770.29645,301.05658,535.2146,626.7643,1015.6
18,2025-04-02 22:00:00+00:00,27.418001,20.988878,68.0,27.85086,1012.55804,24.0,24.0,0.0,24140.0,0.13,0.24696599,1.1684046,26.987997,35.132755,36.67055,37.97104,136.08084,134.16977,133.4089,132.31018,47.519997,26.068,25.268,24.468,27.818,30.768,28.718,27.318,0.119,0.163,0.197,0.216,0.229,1.75,1.75,1.0,3600.0,22.892536,240.0,-1.2,-11.0,4650.0,770.0,262.0,80.0,261.99994,171.77036,52.448963,171.77032,182.0,530.4003,469.88864,119.321396,347.73685,308.06467,1015.9
19,2025-04-02 23:00:00+00:00,26.368,20.914524,72.0,27.270472,1012.945,9.0,5.0,4.0,24140.0,0.06,0.11911875,0.9612837,23.507751,33.348125,35.143818,37.25261,139.9698,135.43732,133.33977,131.08165,44.639996,25.768,25.068,24.368,25.468,29.468,28.818,27.368,0.121,0.163,0.197,0.216,0.229,0.3,0.3,0.0,2131.291,22.501682,200.0,-0.9,-15.0,4630.0,690.0,55.0,29.0,55.000008,0.0,0.0,0.0,26.0,174.38918,144.66167,0.0,0.0,0.0,1016.3
20,2025-04-03 00:00:00+00:00,25.918001,20.706347,73.0,27.344196,1013.837,41.0,23.0,31.0,24140.0,0.04,0.070810385,0.90268207,19.171478,27.381308,30.827856,33.3559,145.71307,140.8696,137.36629,133.68819,37.44,25.568,25.168001,24.468,25.268,28.268,28.768,27.368,0.122,0.162,0.198,0.219,0.231,0.0,0.0,0.0,0.0,22.222467,130.0,-1.0,-20.0,4630.0,670.0,0.0,0.0,0.0,0.0,0.0,0.0,0.0,0.0,0.0,0.0,0.0,0.0,1017.2
21,2025-04-03 01:00:00+00:00,25.968,20.530542,72.0,27.883717,1014.73456,48.0,10.0,40.0,24120.0,0.04,0.059027735,0.9388995,15.1884165,21.533897,25.476198,28.266304,148.57048,141.78893,137.29063,133.4519,32.399998,25.768,25.268,24.568,25.218,27.568,28.668001,27.368,0.124,0.162,0.198,0.219,0.23,0.0,0.0,0.0,0.0,22.126654,110.0,-0.9,-24.0,4640.0,680.0,0.0,0.0,0.0,0.0,0.0,0.0,0.0,0.0,0.0,0.0,0.0,0.0,1018.1
22,2025-04-03 02:00:00+00:00,25.668001,20.24254,72.0,28.003677,1015.12976,19.0,0.0,19.0,24120.0,0.04,0.042193726,0.9224105,11.298495,15.990646,18.079027,21.437386,157.52052,148.81508,144.7275,139.08571,25.56,25.868,25.268,24.568,24.418001,27.068,28.518,27.368,0.126,0.162,0.197,0.219,0.23,0.0,0.0,0.0,0.0,21.845383,70.0,-1.0,-43.0,4630.0,630.0,0.0,0.0,0.0,0.0,0.0,0.0,0.0,0.0,0.0,0.0,0.0,0.0,1018.5
23,2025-04-03 03:00:00+00:00,24.968,20.229359,75.0,27.761024,1015.2215,0.0,0.0,0.0,24140.0,0.03,0.022181705,0.7900579,8.12197,11.592895,13.397612,15.484185,167.19574,154.23073,149.30035,144.46223,19.44,25.868,25.268,24.568,23.768,26.518,28.368,27.368,0.128,0.161,0.197,0.219,0.23,0.0,0.0,0.0,0.0,21.607658,20.0,-0.5,-45.0,4650.0,660.0,0.0,0.0,0.0,0.0,0.0,0.0,0.0,0.0,0.0,0.0,0.0,0.0,1018.6
24,2025-04-03 04:00:00+00:00,24.168001,20.499636,80.0,27.316765,1015.1129,0.0,0.0,0.0,24140.0,0.02,0.008800518,0.60255194,6.638072,8.699793,10.00256,11.681987,167.4712,155.55606,149.74365,146.3099,14.04,25.668001,25.168001,24.468,23.118,26.018,28.218,27.368,0.131,0.161,0.197,0.218,0.23,0.0,0.0,0.0,0.0,21.530746,0.0,-0.4,-33.0,4660.0,690.0,0.0,0.0,0.0,0.0,0.0,0.0,0.0,0.0,0.0,0.0,0.0,0.0,1018.5
25,2025-04-03 05:00:00+00:00,23.368,20.702223,85.0,26.644344,1014.80475,0.0,0.0,0.0,24140.0,0.02,0.0017503209,0.43070316,6.489992,8.217153,9.290511,10.514218,160.55988,151.1893,144.46223,141.95291,11.5199995,25.368,24.868,24.168001,22.618,25.518,28.018,27.418001,0.133,0.161,0.197,0.218,0.23,0.0,0.0,0.0,0.0,21.426756,10.0,-0.6,-40.0,4640.0,660.0,0.0,0.0,0.0,0.0,0.0,0.0,0.0,0.0,0.0,0.0,0.0,0.0,1018.2
26,2025-04-03 06:00:00+00:00,23.818,20.755875,83.0,26.739159,1014.2118,6.0,6.0,0.0,24140.0,0.02,0.012199781,0.5015209,9.114471,11.503113,12.57426,13.849477,170.9098,159.86362,156.3706,152.10283,12.24,25.268,24.768,24.068,22.968,25.368,27.818,27.418001,0.135,0.161,0.199,0.219,0.231,0.0,0.0,0.0,0.0,21.597189,80.0,-0.4,-13.0,4640.0,730.0,0.0,0.0,0.0,0.0,0.0,0.0,0.0,0.0,0.0,0.0,0.0,0.0,1017.6
27,2025-04-03 07:00:00+00:00,23.718,20.262794,81.0,26.287636,1013.4135,2.0,2.0,0.0,24140.0,0.02,0.0173306,0.55719113,9.779817,11.874544,12.979984,14.182355,173.6599,165.96373,160.55988,156.0375,16.199999,25.068,24.568,23.868,22.768,25.068,27.618,27.418001,0.138,0.161,0.199,0.219,0.231,0.0,0.0,0.0,0.0,21.232815,10.0,-0.5,-14.0,4640.0,760.0,0.0,0.0,0.0,0.0,0.0,0.0,0.0,0.0,0.0,0.0,0.0,0.0,1016.8
28,2025-04-03 08:00:00+00:00,23.568,18.878304,75.0,25.510477,1013.01294,0.0,0.0,0.0,24140.0,0.03,0.025888097,0.72665024,9.422101,11.726277,12.43434,13.849477,173.41815,162.12122,157.8905,152.10283,16.199999,25.068,24.568,23.868,22.368,24.818,27.418001,27.418001,0.139,0.161,0.198,0.219,0.231,0.0,0.0,0.0,0.0,20.282848,0.0,-0.6,-49.0,4640.0,715.0,0.0,0.0,0.0,0.0,0.0,0.0,0.0,0.0,0.0,0.0,0.0,0.0,1016.4
29,2025-04-03 09:00:00+00:00,22.968,17.868961,73.0,24.556797,1013.0063,0.0,0.0,0.0,24140.0,0.03,0.025208414,0.7569599,8.669949,10.24578,11.113451,12.10157,175.23645,161.56496,155.09526,149.62096,15.4800005,25.068,24.568,23.868,21.768,24.468,27.218,27.418001,0.141,0.161,0.198,0.219,0.231,0.0,0.0,0.0,0.0,19.447922,0.0,-0.5,-47.0,4610.0,765.0,0.0,0.0,0.0,0.0,0.0,0.0,0.0,0.0,0.0,0.0,0.0,0.0,1016.4
30,2025-04-03 10:00:00+00:00,22.218,17.785446,76.0,23.825907,1013.69525,0.0,0.0,0.0,24140.0,0.03,0.018405365,0.6429579,8.287822,9.255571,9.83268,10.495713,177.5105,166.50426,156.2505,149.03632,14.4,24.968,24.568,23.868,21.118,24.068,27.018,27.418001,0.142,0.161,0.198,0.219,0.231,0.0,0.0,0.0,0.0,19.13641,0.0,-0.6,-49.0,4610.0,715.0,0.0,0.0,0.0,0.0,0.0,0.0,0.0,0.0,0.0,0.0,0.0,0.0,1017.1
31,2025-04-03 11:00:00+00:00,21.568,17.970192,80.0,23.3115,1014.58466,0.0,0.0,0.0,24140.0,0.03,0.033658758,0.5149851,7.928178,8.049845,8.557102,9.19939,177.39749,169.6952,157.75093,149.42085,13.679999,24.768,24.468,23.868,20.918001,23.618,26.768,27.368,0.143,0.161,0.198,0.219,0.231,0.05,0.05,1.0,0.0,19.03463,0.0,-0.8,-39.0,4610.0,685.0,8.0,5.0,7.999998,19.523712,12.20232,8.412758,3.0,39.163723,45.18616,7.321392,41.184372,110.2752,1018.0
32,2025-04-03 12:00:00+00:00,23.618,19.556416,78.0,26.310072,1015.4055,0.0,0.0,0.0,24140.0,0.050000004,0.0960428,0.64134145,6.519877,6.162207,6.830519,7.5942082,173.6599,173.29025,161.56496,148.57048,12.599999,24.768,24.568,23.968,26.068,23.818,26.568,27.368,0.144,0.161,0.198,0.219,0.231,0.8,0.8,1.0,3600.0,20.734426,0.0,-1.6,-19.0,4610.0,740.0,154.0,50.0,154.0,245.27814,79.63576,245.27814,104.0,512.3806,277.8576,165.64238,816.0764,442.54803,1018.8
33,2025-04-03 13:00:00+00:00,27.018,17.775043,57.0,29.140839,1016.0422,0.0,0.0,0.0,24140.0,0.15,0.2757259,1.5341315,4.6938252,5.4119864,5.4477882,7.5685663,184.39862,176.186,172.40544,154.65387,10.440001,25.368,24.668001,24.068,31.968,25.568,26.468,27.368,0.142,0.161,0.197,0.219,0.23,2.6,2.6,1.0,3600.0,20.851273,0.0,-1.3,-31.0,4600.0,990.0,400.0,71.0,400.0,499.73645,88.70322,499.73645,329.0,752.8066,598.2514,411.03323,940.5122,747.42004,1019.4
34,2025-04-03 14:00:00+00:00,28.768,18.242188,53.0,31.142616,1016.6595,0.0,0.0,0.0,24140.0,0.31,0.45968512,1.8566558,7.7043357,8.942214,9.449572,10.195057,142.59457,139.89915,139.63554,137.86247,15.119999,26.568,25.768,24.868,34.918,27.668001,26.468,27.368,0.137,0.161,0.196,0.218,0.23,4.8,4.8,1.0,3600.0,21.744896,0.0,-0.4,-21.0,4600.0,1235.0,630.0,92.0,630.0,718.3361,104.89988,718.3361,538.0,836.2682,880.6382,613.4363,953.5265,1004.11786,1020.0
35,2025-04-03 15:00:00+00:00,30.218,18.64693,50.0,32.483765,1016.3764,0.0,0.0,0.0,24140.0,0.39000002,0.6225912,2.1469538,15.986593,18.374111,19.171478,19.770523,125.837746,124.62422,124.286934,123.11135,27.0,27.468,26.768,25.868,38.418,29.768,26.668001,27.368,0.129,0.161,0.195,0.217,0.23,6.8,6.8,1.0,3600.0,22.484253,10.0,0.8,0.0,4620.0,1260.0,816.0,106.0,816.0,881.95325,114.56746,881.95325,710.0,878.9013,1105.7798,767.3858,949.9386,1195.1544,1019.7
36,2025-04-03 16:00:00+00:00,30.918001,18.298546,47.0,32.028778,1015.8858,3.0,3.0,0.0,24140.0,0.43,0.7290337,2.368609,25.318008,29.651413,30.282827,30.918108,119.84584,119.05451,118.39293,117.75845,42.48,28.068,27.268,26.368,37.718,31.518,27.018,27.368,0.121,0.161,0.194,0.217,0.23,8.25,8.25,1.0,3600.0,22.538383,30.0,1.2,0.0,4640.0,1200.0,935.0,135.0,935.0,971.54315,140.27629,971.54315,800.0,870.22504,1258.3412,831.2669,904.2366,1307.5217,1019.2
37,2025-04-03 17:00:00+00:00,31.068,18.771503,48.0,31.578342,1014.8906,10.0,10.0,0.0,24140.0,0.39000002,0.748822,2.3437498,30.77105,36.719997,37.52471,38.48129,118.663864,118.072395,118.04006,117.28413,52.56,28.168001,27.368,26.468,37.267998,32.368,27.368,27.368,0.114,0.16,0.193,0.216,0.23,8.95,8.95,1.0,3600.0,22.850254,200.0,0.0,0.0,4630.0,990.0,958.0,164.0,958.0,962.0673,164.69629,962.0673,794.0,818.4133,1327.9368,797.37103,821.888,1333.5747,1018.2
38,2025-04-03 18:00:00+00:00,30.618,19.64403,52.0,30.890472,1014.0884,7.0,7.0,0.0,24140.0,0.34,0.7047203,2.1085577,33.74796,41.4438,42.548588,43.15948,123.690094,122.58569,122.21091,121.701385,57.96,27.668001,26.868,25.968,36.267998,32.767998,27.768,27.368,0.109,0.159,0.193,0.215,0.229,8.75,8.75,1.0,3600.0,23.182976,460.0,-1.1,0.0,4610.0,875.0,919.0,174.0,919.0,892.1389,168.91422,892.1389,745.0,778.4979,1309.8392,723.2247,755.74347,1271.5544,1017.4
39,2025-04-03 19:00:00+00:00,30.068,20.331812,56.0,30.05072,1013.584,23.0,23.0,0.0,24140.0,0.3,0.63853604,1.8729,35.864746,45.130844,46.428833,47.630325,125.60462,123.94363,123.93655,122.969406,61.920002,27.268,26.468,25.568,34.918,32.767998,28.118,27.368,0.106,0.159,0.192,0.215,0.229,7.7,7.7,1.0,3600.0,23.390274,660.0,-2.0,0.0,4570.0,945.0,847.0,127.0,847.0,791.0673,118.6134,791.0673,720.0,817.6102,1205.2994,672.4539,763.61835,1125.706,1016.9
40,2025-04-03 20:00:00+00:00,29.718,20.00631,56.0,28.713005,1013.2812,16.0,16.0,0.0,15800.0,0.25,0.5593118,1.8357198,37.372437,47.928696,49.32394,50.528404,125.98689,124.286934,123.6901,122.78428,63.72,27.268,26.468,25.568,33.267998,32.368,28.418001,27.368,0.105,0.158,0.191,0.214,0.229,5.95,5.95,1.0,3600.0,23.080936,560.0,-2.6,-1.0,4550.0,1085.0,699.0,121.0,699.0,619.9816,107.32157,619.9816,578.0,774.4707,1021.45966,512.6601,686.9207,905.98883,1016.6
41,2025-04-03 21:00:00+00:00,28.668001,20.40804,61.0,27.45983,1013.5685,21.0,21.0,0.0,16060.0,0.21000002,0.4251598,1.5314631,36.152676,47.668404,49.341015,50.822514,128.12523,126.091095,125.197586,124.0278,65.159996,26.668001,25.968,25.068,30.318,31.718,28.668001,27.368,0.104,0.157,0.191,0.214,0.229,3.85,3.85,1.0,3600.0,22.957731,680.0,-2.7,-1.0,4490.0,1075.0,510.0,94.0,510.0,415.08008,76.50496,415.08008,416.0,738.58386,770.8706,338.57513,601.1205,627.39813,1016.9
42,2025-04-03 22:00:00+00:00,27.718,20.540937,65.0,27.171963,1013.65765,7.0,7.0,0.0,24140.0,0.14000002,0.27606016,1.300571,32.090523,43.189495,45.09063,47.088493,133.18172,129.92781,128.51695,126.60717,61.56,26.368,25.668001,24.768,27.868,30.618,28.818,27.368,0.105,0.157,0.191,0.214,0.229,1.75,1.75,1.0,3600.0,22.715971,680.0,-2.5,-1.0,4460.0,1065.0,272.0,73.0,271.99997,178.55075,47.91987,178.55072,199.0,578.696,470.63055,130.63087,379.87717,308.9391,1017.0
43,2025-04-03 23:00:00+00:00,26.518,21.05851,72.0,27.086502,1013.94324,8.0,8.0,0.0,24140.0,0.07000001,0.1277956,0.9697962,26.31942,37.67465,40.24922,42.730953,139.9938,135.0001,132.82524,129.1875,53.28,25.968,25.368,24.668001,25.568,29.418001,28.868,27.368,0.107,0.156,0.19,0.214,0.229,0.3,0.3,0.0,2248.0835,22.642319,730.0,-2.4,-4.0,4470.0,980.0,58.0,27.0,58.000008,0.0,0.0,0.0,31.0,207.39133,145.096,0.0,0.0,0.0,1017.3
44,2025-04-04 00:00:00+00:00,25.918001,21.146004,75.0,27.010506,1014.53467,26.0,26.0,0.0,24140.0,0.04,0.07645116,0.835783,23.051247,32.59939,36.424103,39.134167,141.34016,136.78989,132.99747,129.40063,42.839996,25.468,24.968,24.368,25.268,28.268,28.818,27.418001,0.109,0.155,0.19,0.214,0.229,0.0,0.0,0.0,0.0,22.506638,770.0,-2.4,-11.0,4550.0,1050.0,0.0,0.0,0.0,0.0,0.0,0.0,0.0,0.0,0.0,0.0,0.0,0.0,1017.9
45,2025-04-04 01:00:00+00:00,26.018,20.80251,73.0,27.916069,1015.33325,26.0,14.0,12.0,24140.0,0.04,0.060697082,0.9080236,16.279802,23.199759,26.220753,29.131096,144.90411,138.14505,134.44382,129.98683,38.519997,25.868,25.268,24.568,25.118,27.568,28.718,27.418001,0.112,0.155,0.19,0.214,0.229,0.0,0.0,0.0,0.0,22.316517,600.0,-2.2,-30.0,4630.0,960.0,0.0,0.0,0.0,0.0,0.0,0.0,0.0,0.0,0.0,0.0,0.0,0.0,1018.7
46,2025-04-04 02:00:00+00:00,25.668001,20.465937,73.0,28.098076,1016.02686,7.0,7.0,0.0,24140.0,0.03,0.040780652,0.88944936,11.435313,16.418526,18.35647,21.129883,151.8215,142.12495,138.17992,134.30981,27.359999,25.968,25.368,24.668001,24.268,27.018,28.568,27.418001,0.114,0.154,0.19,0.214,0.229,0.0,0.0,0.0,0.0,21.987337,460.0,-1.7,-59.0,4620.0,725.0,0.0,0.0,0.0,0.0,0.0,0.0,0.0,0.0,0.0,0.0,0.0,0.0,1019.4
47,2025-04-04 03:00:00+00:00,24.618,19.891617,75.0,27.03073,1016.015,0.0,0.0,0.0,24140.0,0.03,0.027785297,0.77377033,9.565437,13.53236,15.379206,17.49615,160.20103,151.38963,147.42595,143.3658,19.08,25.768,25.168001,24.468,23.118,26.418001,28.418001,27.418001,0.117,0.154,0.19,0.214,0.229,0.0,0.0,0.0,0.0,21.276455,120.0,-1.0,-98.0,4600.0,690.0,0.0,0.0,0.0,0.0,0.0,0.0,0.0,0.0,0.0,0.0,0.0,0.0,1019.4
48,2025-04-04 04:00:00+00:00,23.618,19.138927,76.0,25.410807,1016.1032,0.0,0.0,0.0,24140.0,0.03,0.03128612,0.6996703,11.298495,15.1884165,16.575644,18.504139,157.52052,148.57048,145.6196,142.90709,18.72,25.168001,24.668001,23.968,22.318,25.768,28.218,27.418001,0.119,0.154,0.19,0.214,0.229,0.0,0.0,0.0,0.0,20.46518,10.0,-0.7,-128.0,4560.0,735.0,0.0,0.0,0.0,0.0,0.0,0.0,0.0,0.0,0.0,0.0,0.0,0.0,1019.5
49,2025-04-04 05:00:00+00:00,23.468,17.45419,69.0,24.343216,1016.00195,0.0,0.0,0.0,24140.0,0.03,0.049000047,0.8957417,12.303366,16.299694,17.57744,19.453327,159.44388,149.47037,145.0079,141.009,20.880001,24.868,24.368,23.668001,21.768,25.168001,27.968,27.418001,0.121,0.153,0.19,0.214,0.229,0.0,0.0,0.0,0.0,19.374273,0.0,-0.3,-54.0,4510.0,715.0,0.0,0.0,0.0,0.0,0.0,0.0,0.0,0.0,0.0,0.0,0.0,0.0,1019.4
50,2025-04-04 06:00:00+00:00,22.618,15.705313,65.0,22.942917,1015.69305,0.0,0.0,0.0,24140.0,0.04,0.049618505,0.96083426,11.090103,14.973577,16.375053,18.391737,166.86597,152.81897,146.65927,139.76372,20.880001,24.868,24.368,23.768,20.868,24.618,27.768,27.468,0.123,0.153,0.19,0.214,0.229,0.0,0.0,0.0,0.0,18.045906,0.0,0.4,-78.0,4500.0,695.0,0.0,0.0,0.0,0.0,0.0,0.0,0.0,0.0,0.0,0.0,0.0,0.0,1019.1
51,2025-04-04 07:00:00+00:00,21.668001,15.275242,67.0,22.000933,1015.2837,0.0,0.0,0.0,24140.0,0.04,0.038639817,0.8550979,9.885262,12.397806,13.479583,15.072783,169.50858,154.17906,145.88548,139.84407,18.359999,24.768,24.368,23.668001,20.068,24.018,27.468,27.418001,0.124,0.153,0.189,0.214,0.229,0.0,0.0,0.0,0.0,17.440165,0.0,1.2,0.0,4480.0,775.0,0.0,0.0,0.0,0.0,0.0,0.0,0.0,0.0,0.0,0.0,0.0,0.0,1018.7
52,2025-04-04 08:00:00+00:00,20.668001,15.868665,74.0,21.492132,1015.1721,0.0,0.0,0.0,24140.0,0.03,0.019025706,0.6336485,8.12197,9.659814,10.587918,11.753876,167.19574,153.43501,144.6887,139.9698,16.199999,24.568,24.168001,23.468,19.318,23.418001,27.218,27.418001,0.126,0.153,0.189,0.213,0.229,0.0,0.0,0.0,0.0,17.411732,0.0,1.8,0.0,4460.0,740.0,0.0,0.0,0.0,0.0,0.0,0.0,0.0,0.0,0.0,0.0,0.0,0.0,1018.6
53,2025-04-04 09:00:00+00:00,19.868,16.704294,82.0,21.088366,1015.5615,0.0,0.0,0.0,24140.0,0.02,0.0064561777,0.417529,7.754637,8.587338,9.686609,10.703569,158.19853,146.97614,138.01286,132.27362,13.679999,24.168001,23.868,23.168001,18.868,22.868,26.918001,27.418001,0.128,0.153,0.189,0.213,0.229,0.0,0.0,0.0,0.0,17.650318,0.0,2.0,0.0,4460.0,725.0,0.0,0.0,0.0,0.0,0.0,0.0,0.0,0.0,0.0,0.0,0.0,0.0,1019.0
54,2025-04-04 10:00:00+00:00,19.468,17.606598,89.0,21.193398,1016.25446,0.0,0.0,0.0,24140.0,0.02,0.0,0.24889183,6.9527545,7.7043357,8.942214,10.296251,158.74942,142.59457,130.10085,126.46933,12.599999,23.768,23.668001,22.868,18.668001,22.368,26.618,27.418001,0.13,0.153,0.189,0.213,0.229,0.0,0.0,0.0,0.0,18.123053,0.0,2.3,0.0,4450.0,770.0,0.0,0.0,0.0,0.0,0.0,0.0,0.0,0.0,0.0,0.0,0.0,0.0,1019.7
55,2025-04-04 11:00:00+00:00,19.168001,17.662968,91.0,21.038366,1016.84894,0.0,0.0,0.0,24140.0,0.01,0.016144559,0.19987607,6.130579,5.2416787,5.904439,7.145796,176.6336,164.05453,142.43134,130.91429,11.5199995,23.468,23.468,22.768,19.168001,22.018,26.318,27.418001,0.133,0.153,0.189,0.213,0.229,0.05,0.05,1.0,0.0,18.072222,0.0,2.6,0.0,4440.0,775.0,8.0,5.0,7.999998,19.357164,12.0982275,8.570852,3.0,38.342396,47.39871,7.258937,41.078384,114.68808,1020.3
56,2025-04-04 12:00:00+00:00,21.568,18.557,83.0,23.894169,1017.5746,0.0,0.0,0.0,24140.0,0.03,0.08625919,0.43771648,5.771239,4.5536795,4.6938252,5.2416787,176.42374,198.43504,184.39862,164.05453,10.440001,23.168001,23.168001,22.768,25.068,22.418001,26.018,27.418001,0.134,0.153,0.189,0.213,0.229,0.8,0.8,1.0,3600.0,19.41949,0.0,2.0,0.0,4460.0,785.0,157.0,64.0,157.0,248.53809,101.31489,248.53809,93.0,451.14743,282.0306,147.22319,714.18677,446.46716,1021.0
57,2025-04-04 13:00:00+00:00,25.568,16.965466,59.0,27.445082,1018.4179,0.0,0.0,0.0,24140.0,0.13,0.26377404,1.3430552,3.9763298,4.68,5.0528407,6.379216,185.19434,180.0,175.91446,163.61038,9.36,23.868,23.168001,22.768,30.918001,24.368,25.868,27.418001,0.133,0.153,0.188,0.213,0.229,2.6,2.6,1.0,3600.0,19.864218,0.0,1.4,0.0,4470.0,1010.0,399.0,91.0,399.0,497.69473,113.50932,497.69473,308.0,700.09216,601.88965,384.1854,873.2636,750.7702,1021.8
58,2025-04-04 14:00:00+00:00,27.668001,16.61871,51.0,29.342518,1018.64087,0.0,0.0,0.0,24140.0,0.28000003,0.4395976,1.816072,6.989936,8.4963045,9.220499,9.957108,145.49142,143.61555,141.34016,139.39879,14.4,25.368,24.668001,23.768,34.168,26.618,25.868,27.368,0.128,0.153,0.188,0.213,0.229,4.75,4.75,1.0,3600.0,20.457697,0.0,1.4,0.0,4480.0,1440.0,613.0,104.0,613.0,698.4456,118.49648,698.4456,509.0,788.00806,883.6862,579.94916,897.84796,1006.8626,1022.0
59,2025-04-04 15:00:00+00:00,29.118,17.317852,49.0,31.367023,1018.45746,0.0,0.0,0.0,24140.0,0.36,0.5939495,2.0559673,12.031756,14.113652,14.618837,15.192682,128.92755,127.74687,127.99879,126.32692,21.24,26.368,25.568,24.668001,38.118,28.868,26.068,27.368,0.121,0.152,0.187,0.212,0.228,6.75,6.75,1.0,3600.0,21.365314,10.0,1.5,0.0,4500.0,1455.0,800.0,113.0,800.0,864.30347,122.08287,864.30347,687.0,848.0684,1108.2211,742.22064,916.2356,1197.2992,1021.8
60,2025-04-04 16:00:00+00:00,30.418001,16.799723,44.0,31.96724,1017.4751,0.0,0.0,0.0,24140.0,0.41,0.7315138,2.43259,19.469976,21.868332,22.66857,23.277834,123.6901,122.90524,122.68055,121.72356,32.399998,27.268,26.468,25.568,39.618,31.068,26.418001,27.368,0.113,0.152,0.186,0.211,0.228,8.2,8.2,1.0,3600.0,21.558598,10.0,1.0,0.0,4510.0,1030.0,953.0,105.0,953.0,989.98755,109.075226,989.98755,848.0,920.54706,1260.2015,880.9123,956.27496,1309.112,1020.8
61,2025-04-04 17:00:00+00:00,31.168001,15.975398,40.0,31.651257,1016.3867,0.0,0.0,0.0,24140.0,0.40000004,0.79444444,2.7203093,24.881702,28.58545,29.204409,29.827904,121.39022,121.08744,120.35804,119.65902,41.760002,28.068,27.268,26.368,38.817997,32.468,26.818,27.368,0.106,0.152,0.186,0.211,0.228,8.9,8.9,1.0,3600.0,21.398788,20.0,-0.1,-63.0,4520.0,1085.0,999.0,154.0,999.0,1003.0681,154.62712,1003.0681,845.0,869.59937,1329.2823,848.441,873.14056,1334.6954,1019.7
62,2025-04-04 18:00:00+00:00,30.868,18.253048,47.0,31.448532,1015.38666,15.0,15.0,0.0,24140.0,0.33,0.72486347,2.3618834,27.859905,32.664917,33.2781,34.08042,122.868675,121.938416,121.2826,121.17128,47.16,27.968,27.168001,26.268,36.918,33.118,27.268,27.368,0.1,0.151,0.185,0.21,0.228,8.7,8.7,1.0,3600.0,22.496052,230.0,-0.2,0.0,4530.0,945.0,917.0,198.0,917.0,890.1013,192.192,890.1013,719.0,750.3628,1310.7712,697.9093,728.3521,1272.322,1018.7
63,2025-04-04 19:00:00+00:00,31.318,17.61218,44.0,31.112316,1014.6938,0.0,0.0,0.0,24140.0,0.28000003,0.6979823,2.5603752,28.58545,33.857227,34.94968,35.545326,126.29272,125.04201,124.50858,123.85105,48.6,28.468,27.668001,26.768,37.267998,33.218,27.718,27.368,0.097,0.151,0.185,0.209,0.228,7.7,7.7,1.0,3600.0,22.308125,210.0,0.7,0.0,4560.0,920.0,831.0,151.0,831.0,776.0901,141.02238,776.0901,680.0,771.32916,1205.9465,635.0677,720.3621,1126.2614,1018.0
64,2025-04-04 20:00:00+00:00,31.218,17.878593,45.0,30.702057,1014.19446,0.0,0.0,0.0,24140.0,0.25,0.62752926,2.5003662,28.266304,34.411556,35.457714,36.276142,133.4519,132.0317,131.29527,130.16951,48.96,28.668001,27.868,26.968,35.918,33.118,28.118,27.368,0.094,0.15,0.185,0.209,0.227,5.95,5.95,1.0,3600.0,22.415924,230.0,0.9,0.0,4570.0,685.0,722.0,108.0,722.0,640.41266,95.79581,640.41266,614.0,821.82166,1021.9727,544.6169,728.9543,906.488,1017.5
65,2025-04-04 21:00:00+00:00,30.168001,18.917925,51.0,29.514992,1014.183,0.0,0.0,0.0,24140.0,0.21000002,0.48582882,2.0979567,27.295977,33.88019,34.882866,35.63818,138.74309,137.15297,136.25438,135.0001,48.6,28.168001,27.468,26.568,31.868,32.618,28.418001,27.368,0.093,0.149,0.184,0.208,0.227,3.85,3.85,1.0,3600.0,22.61752,410.0,0.3,0.0,4580.0,810.0,546.0,75.0,546.0,444.49677,61.057247,444.49677,471.0,835.1707,771.4072,383.4395,679.90967,628.00006,1017.5
66,2025-04-04 22:00:00+00:00,28.568,20.046673,60.0,28.779228,1014.36487,0.0,0.0,0.0,24140.0,0.13,0.28955412,1.5617096,25.1614,32.185287,32.90408,33.84766,146.08253,143.6427,143.00464,141.91118,45.719997,27.168001,26.468,25.568,28.518,31.468,28.668001,27.368,0.094,0.149,0.184,0.208,0.227,1.75,1.75,1.0,3600.0,22.708778,670.0,-1.3,-91.0,4600.0,900.0,283.0,67.0,283.00003,186.00386,44.036247,186.00388,216.0,626.81476,471.34857,141.9676,411.97864,309.79733,1017.7
67,2025-04-04 23:00:00+00:00,26.768,19.886713,66.0,27.32042,1014.9429,5.0,0.0,5.0,24140.0,0.06,0.13771765,1.1951661,22.288042,31.262014,33.121956,34.94968,148.8776,144.84575,142.50728,138.75865,41.399998,26.268,25.668001,24.968,25.418001,29.968,28.768,27.368,0.095,0.148,0.184,0.208,0.227,0.3,0.3,0.0,2260.2805,21.994987,400.0,-1.6,-78.0,4610.0,755.0,61.0,28.0,61.0,0.0,0.0,0.0,33.0,220.2152,145.52185,0.0,0.0,0.0,1018.3
68,2025-04-05 00:00:00+00:00,26.318,19.459354,66.0,26.881844,1015.3365,27.0,8.0,20.0,24140.0,0.050000004,0.10033615,1.1639879,20.767975,29.871325,34.11083,37.017033,146.3099,139.39879,135.0001,130.66165,36.36,26.168001,25.768,25.068,25.218,28.618,28.768,27.368,0.097,0.148,0.184,0.208,0.227,0.0,0.0,0.0,0.0,21.581457,270.0,-1.1,-102.0,4620.0,900.0,0.0,0.0,0.0,0.0,0.0,0.0,0.0,0.0,0.0,0.0,0.0,0.0,1018.7
69,2025-04-05 01:00:00+00:00,26.318,19.459354,66.0,27.455887,1015.73517,23.0,3.0,21.0,24140.0,0.04,0.08306644,1.1639879,16.831684,26.596178,30.676142,33.353954,138.46832,129.50764,125.9286,122.660904,34.56,26.468,26.068,25.368,25.168001,27.768,28.668001,27.418001,0.099,0.147,0.184,0.208,0.227,0.0,0.0,0.0,0.0,21.581457,230.0,-0.7,-121.0,4620.0,965.0,0.0,0.0,0.0,0.0,0.0,0.0,0.0,0.0,0.0,0.0,0.0,0.0,1019.1
70,2025-04-05 02:00:00+00:00,25.818,17.98622,62.0,26.914543,1016.32776,0.0,0.0,0.0,24140.0,0.04,0.06891739,1.263243,12.387348,19.107151,22.828087,25.661207,144.46223,132.70937,127.95429,124.135994,28.08,26.568,26.068,25.368,24.168001,27.168001,28.568,27.418001,0.101,0.147,0.184,0.208,0.227,0.0,0.0,0.0,0.0,20.535067,0.0,-0.2,-148.0,4630.0,980.0,0.0,0.0,0.0,0.0,0.0,0.0,0.0,0.0,0.0,0.0,0.0,0.0,1019.7
71,2025-04-05 03:00:00+00:00,24.518,17.507381,65.0,25.753908,1016.7114,0.0,0.0,0.0,24140.0,0.04,0.04698102,1.0770409,9.983106,14.529915,16.563911,19.008545,154.35904,138.01286,132.3574,127.30403,20.519999,26.368,25.868,25.168001,22.668001,26.468,28.418001,27.418001,0.103,0.147,0.184,0.208,0.227,0.0,0.0,0.0,0.0,19.785742,0.0,0.5,-68.0,4630.0,815.0,0.0,0.0,0.0,0.0,0.0,0.0,0.0,0.0,0.0,0.0,0.0,0.0,1020.1
72,2025-04-05 04:00:00+00:00,23.368,17.81174,71.0,24.7328,1016.69836,0.0,0.0,0.0,24140.0,0.03,0.034935653,0.8328974,10.028439,13.979872,15.580141,17.309975,158.96242,145.49142,139.68597,135.0001,16.919998,25.868,25.368,24.668001,21.918001,25.718,28.218,27.418001,0.105,0.146,0.184,0.208,0.227,0.0,0.0,0.0,0.0,19.553457,0.0,1.0,0.0,4640.0,705.0,0.0,0.0,0.0,0.0,0.0,0.0,0.0,0.0,0.0,0.0,0.0,0.0,1020.1
73,2025-04-05 05:00:00+00:00,22.868,18.41388,76.0,24.50415,1016.4933,0.0,0.0,0.0,24140.0,0.03,0.025729533,0.6687689,10.041354,13.363711,14.88242,16.704155,165.4655,152.74475,147.84773,142.88306,16.919998,25.268,24.768,24.168001,21.668001,25.068,27.968,27.418001,0.107,0.146,0.184,0.208,0.227,0.0,0.0,0.0,0.0,19.75334,0.0,1.5,0.0,4630.0,690.0,0.0,0.0,0.0,0.0,0.0,0.0,0.0,0.0,0.0,0.0,0.0,0.0,1019.9
74,2025-04-05 06:00:00+00:00,22.768,18.52582,77.0,24.506718,1015.994,7.0,7.0,0.0,24140.0,0.02,0.022666905,0.63703156,9.6932955,13.049689,14.20062,16.075521,164.93146,155.55606,149.53453,145.95403,16.919998,24.868,24.368,23.768,21.618,24.618,27.718,27.418001,0.11,0.146,0.184,0.208,0.227,0.0,0.0,0.0,0.0,19.790806,10.0,1.7,0.0,4620.0,645.0,0.0,0.0,0.0,0.0,0.0,0.0,0.0,0.0,0.0,0.0,0.0,0.0,1019.4
75,2025-04-05 07:00:00+00:00,22.568,18.943136,80.0,24.646341,1015.5928,26.0,26.0,0.0,24140.0,0.02,0.0143696675,0.5472512,8.707238,11.503113,12.72283,14.386494,172.87508,159.86362,154.8852,148.29861,16.56,24.668001,24.168001,23.468,21.418001,24.318,27.468,27.418001,0.112,0.145,0.183,0.208,0.227,0.0,0.0,0.0,0.0,19.994675,20.0,1.9,0.0,4620.0,685.0,0.0,0.0,0.0,0.0,0.0,0.0,0.0,0.0,0.0,0.0,0.0,0.0,1019.0
76,2025-04-05 08:00:00+00:00,22.168001,19.14341,83.0,24.452236,1015.389,23.0,23.0,0.0,24140.0,0.02,0.00741952,0.45399594,7.9526596,10.041354,11.298495,12.55879,174.80566,165.4655,157.52052,152.70052,14.759999,24.468,24.068,23.368,21.118,24.018,27.218,27.418001,0.114,0.145,0.183,0.208,0.227,0.0,0.0,0.0,0.0,20.000212,10.0,2.0,0.0,4580.0,755.0,0.0,0.0,0.0,0.0,0.0,0.0,0.0,0.0,0.0,0.0,0.0,0.0,1018.8
77,2025-04-05 09:00:00+00:00,21.618,19.174557,86.0,24.07441,1015.6816,7.0,7.0,0.0,24140.0,0.02,0.00032912483,0.3615563,6.87779,8.12197,9.227524,10.30883,173.99109,167.19574,159.44388,155.22488,13.32,24.268,23.968,23.268,20.718,23.718,27.018,27.418001,0.116,0.145,0.183,0.208,0.227,0.0,0.0,0.0,0.0,19.85216,10.0,2.2,0.0,4620.0,625.0,0.0,0.0,0.0,0.0,0.0,0.0,0.0,0.0,0.0,0.0,0.0,0.0,1019.1
78,2025-04-05 10:00:00+00:00,21.218,19.331789,89.0,23.861101,1016.0758,0.0,0.0,0.0,24140.0,0.01,0.0,0.27721143,6.12,6.489992,7.342588,8.427383,180.0,176.82024,168.69011,160.0168,11.5199995,24.168001,23.868,23.268,20.468,23.418001,26.768,27.418001,0.119,0.145,0.183,0.208,0.227,0.0,0.0,0.0,0.0,19.842669,10.0,2.3,0.0,4600.0,615.0,0.0,0.0,0.0,0.0,0.0,0.0,0.0,0.0,0.0,0.0,0.0,0.0,1019.5
79,2025-04-05 11:00:00+00:00,20.968,19.442293,91.0,23.71097,1016.4713,0.0,0.0,0.0,24140.0,0.01,0.01691981,0.22335792,5.8048253,5.8048253,6.638072,7.754637,172.87508,172.87508,167.4712,158.19853,10.08,23.968,23.668001,23.268,20.918001,23.118,26.518,27.418001,0.121,0.145,0.183,0.208,0.227,0.05,0.05,1.0,0.0,19.849396,10.0,2.2,0.0,4640.0,650.0,8.0,5.0,7.999998,19.207369,12.004605,8.722336,3.0,37.5614,49.59488,7.2027636,40.952904,119.0734,1019.9
80,2025-04-05 12:00:00+00:00,23.668001,20.803782,84.0,27.191929,1017.0009,0.0,0.0,0.0,24140.0,0.03,0.08873056,0.46778297,5.1544156,5.4477882,6.638072,8.089993,167.90526,172.40544,167.4712,159.14546,9.36,23.968,23.668001,23.268,27.168001,23.568,26.318,27.418001,0.122,0.145,0.183,0.208,0.227,0.85,0.85,1.0,3600.0,21.585402,30.0,1.4,0.0,4660.0,795.0,150.0,54.0,150.0,236.05519,84.979866,236.05519,96.0,458.70172,286.16913,151.07532,721.85944,450.34473,1020.4
81,2025-04-05 13:00:00+00:00,26.818,19.687943,65.0,29.923458,1017.3356,0.0,0.0,0.0,24140.0,0.12,0.26086858,1.2339561,4.1046314,4.896529,5.3517847,7.24486,164.74483,162.89719,160.34608,153.43501,9.36,24.968,24.168001,23.368,32.468,25.568,26.218,27.368,0.121,0.145,0.183,0.208,0.227,2.6,2.6,1.0,3600.0,21.891848,130.0,1.1,0.0,4700.0,1105.0,382.0,81.0,381.99997,475.74384,100.87762,475.7438,301.0,679.7329,605.48,374.8662,846.54126,754.06635,1020.7
82,2025-04-05 14:00:00+00:00,28.468,19.12724,57.0,30.752644,1017.15436,24.0,24.0,0.0,24140.0,0.23,0.44356903,1.6692657,9.957108,11.480557,11.988594,12.738099,139.39879,138.81418,138.65233,137.29063,18.359999,25.968,25.268,24.368,35.718,27.718,26.268,27.368,0.117,0.145,0.183,0.207,0.227,4.8,4.8,1.0,3600.0,22.138306,150.0,0.8,0.0,4770.0,1095.0,603.0,103.0,603.0,686.5598,117.27307,686.5598,500.0,771.0223,886.6745,569.28674,877.8655,1009.544,1020.5
83,2025-04-05 15:00:00+00:00,29.468,18.888962,53.0,31.305965,1016.76685,27.0,27.0,0.0,24140.0,0.32,0.59314245,1.9330788,18.35647,20.65848,21.437386,21.710716,131.82008,131.4676,130.91429,130.29207,30.960001,26.568,25.768,24.868,38.118,29.868,26.518,27.368,0.111,0.145,0.183,0.206,0.227,6.8,6.8,1.0,3600.0,22.355368,170.0,0.5,-178.0,4760.0,1205.0,787.0,156.0,787.0,849.91144,168.47037,849.91144,631.0,776.82684,1110.5955,681.44104,838.92505,1199.3745,1020.1
84,2025-04-05 16:00:00+00:00,30.118,18.871962,51.0,31.775856,1016.17584,22.0,22.0,0.0,24140.0,0.33,0.6762081,2.091966,22.45315,25.537172,26.31942,26.826641,131.09941,130.426,130.0062,130.10085,37.44,26.968,26.168001,25.268,38.868,31.468,26.818,27.368,0.105,0.144,0.183,0.206,0.227,8.25,8.25,1.0,3600.0,22.574322,210.0,0.3,-149.0,4730.0,1000.0,891.0,202.0,891.0,925.3412,209.78554,925.3412,689.0,746.45416,1261.9915,715.5556,775.2242,1310.6313,1019.5
85,2025-04-05 17:00:00+00:00,30.618,18.69027,49.0,32.029034,1015.38416,22.0,22.0,0.0,24140.0,0.32,0.73146796,2.2405174,25.212852,28.79325,29.568253,30.344818,133.26433,132.4664,132.03899,131.63344,42.12,27.368,26.568,25.668001,39.517998,32.618,27.218,27.368,0.099,0.144,0.182,0.205,0.226,8.9,8.9,1.0,3600.0,22.64849,220.0,-0.5,-60.0,4710.0,870.0,957.0,194.0,957.0,960.73236,194.7566,960.73236,763.0,784.0084,1330.5579,765.97577,787.06604,1335.7471,1018.7
86,2025-04-05 18:00:00+00:00,30.618,19.01375,50.0,31.745285,1014.6864,18.0,18.0,0.0,24140.0,0.31,0.73326707,2.1965287,28.006056,32.59939,33.61714,34.126022,133.95847,133.21011,133.26433,133.29022,47.16,27.368,26.568,25.668001,38.267998,33.418,27.668001,27.368,0.094,0.144,0.182,0.204,0.226,8.75,8.75,1.0,3600.0,22.828144,330.0,-2.2,-7.0,4690.0,750.0,966.0,154.0,966.0,937.5643,149.46677,937.5643,812.0,846.37354,1311.6364,788.0975,821.45917,1273.0262,1018.0
87,2025-04-05 19:00:00+00:00,30.168001,19.229366,52.0,30.779354,1014.0833,35.0,33.0,3.0,24140.0,0.26,0.666989,2.0550895,29.275326,34.62369,35.39186,36.161636,134.50185,134.15756,133.76367,133.3865,49.68,27.168001,26.368,25.468,36.567997,33.567997,28.068,27.368,0.091,0.143,0.182,0.204,0.226,7.7,7.7,1.0,3600.0,22.792355,370.0,-3.5,-1.0,4680.0,740.0,873.0,120.0,873.0,815.2799,112.06597,815.2799,753.0,853.2261,1206.5353,703.2139,796.81335,1126.7628,1017.4
88,2025-04-05 20:00:00+00:00,29.468,19.483568,55.0,29.452782,1013.47766,22.0,21.0,3.0,24140.0,0.22,0.55652004,1.8507297,29.546328,35.90086,36.918873,37.93006,136.97493,136.2188,136.18518,135.38449,50.039997,26.868,26.068,25.168001,33.918,33.218,28.468,27.368,0.09,0.143,0.182,0.203,0.226,5.95,5.95,1.0,3600.0,22.692944,400.0,-3.9,-5.0,4650.0,825.0,710.0,119.0,710.0,629.7997,105.557976,629.7997,591.0,790.2227,1022.43726,524.2417,700.9606,906.9446,1016.8
89,2025-04-05 21:00:00+00:00,28.768,19.122644,56.0,28.100555,1013.3703,14.0,5.0,9.0,24140.0,0.17,0.43106347,1.7380221,28.075384,34.92,35.936943,36.95396,139.15973,137.92505,137.84221,137.76392,50.039997,26.668001,25.968,25.068,31.168001,32.368,28.768,27.368,0.089,0.143,0.182,0.203,0.226,3.85,3.85,1.0,3600.0,22.2413,290.0,-3.8,-16.0,4640.0,650.0,502.0,96.0,501.99997,408.78384,78.1738,408.7838,406.0,719.03174,771.90936,330.61005,585.515,628.57385,1016.7
90,2025-04-05 22:00:00+00:00,27.818,19.342934,60.0,27.523945,1013.4595,15.0,5.0,10.0,24140.0,0.13,0.2846954,1.4952111,26.250393,34.126022,35.39186,36.40275,137.77924,136.70978,136.23633,135.40062,47.16,26.368,25.668001,24.768,28.118,31.218,28.918001,27.368,0.09,0.142,0.182,0.203,0.226,1.75,1.75,1.0,3600.0,22.034855,270.0,-3.1,-17.0,4630.0,575.0,278.0,71.0,278.0,182.94534,46.72345,182.94534,207.0,599.4668,472.04465,136.2219,394.49518,310.6416,1016.8
91,2025-04-05 23:00:00+00:00,26.418001,20.271852,69.0,27.296612,1013.6433,27.0,23.0,15.0,15240.0,0.06,0.123243175,1.067478,21.385939,30.248568,31.712708,33.425762,143.90163,141.76614,140.52757,138.93028,43.199997,25.768,25.068,24.368,25.368,29.818,29.018,27.418001,0.091,0.142,0.182,0.203,0.226,0.3,0.3,0.0,2272.4634,22.113281,390.0,-2.4,-12.0,4680.0,500.0,59.0,28.0,59.0,0.0,0.0,0.0,31.0,206.35497,145.94029,0.0,0.0,0.0,1017.0
92,2025-04-06 00:00:00+00:00,25.618,20.856548,75.0,27.190598,1013.9334,45.0,29.0,33.0,13860.0,0.03,0.06250369,0.8211014,18.709612,26.161375,29.01743,30.928587,149.98172,145.65384,142.56136,140.19447,34.2,25.168001,24.668001,23.968,25.068,28.568,28.968,27.418001,0.093,0.141,0.182,0.203,0.226,0.0,0.0,0.0,0.0,22.222748,510.0,-1.9,-12.0,4710.0,585.0,0.0,0.0,0.0,0.0,0.0,0.0,0.0,0.0,0.0,0.0,0.0,0.0,1017.3
93,2025-04-06 01:00:00+00:00,25.568,20.808304,75.0,27.683634,1014.3315,40.0,23.0,30.0,14360.0,0.03,0.049242057,0.81867623,14.81259,20.188908,22.86496,25.41763,154.05775,148.86108,146.56012,142.48082,30.960001,25.268,24.668001,23.968,24.968,27.768,28.868,27.418001,0.095,0.141,0.182,0.203,0.226,0.0,0.0,0.0,0.0,22.175434,500.0,-1.1,-22.0,4710.0,755.0,0.0,0.0,0.0,0.0,0.0,0.0,0.0,0.0,0.0,0.0,0.0,0.0,1017.7
94,2025-04-06 02:00:00+00:00,25.368,20.830446,76.0,28.056358,1014.82764,18.0,17.0,5.0,24140.0,0.03,0.032523263,0.7766619,10.966713,15.315873,17.174677,19.513195,156.80138,150.42226,146.97614,142.49579,24.48,25.268,24.668001,23.868,24.468,27.168001,28.718,27.418001,0.097,0.141,0.181,0.203,0.226,0.0,0.0,0.0,0.0,22.126139,440.0,-1.4,-19.0,4690.0,680.0,0.0,0.0,0.0,0.0,0.0,0.0,0.0,0.0,0.0,0.0,0.0,0.0,1018.2
95,2025-04-06 03:00:00+00:00,24.768,21.083254,80.0,27.942173,1015.0199,6.0,6.0,0.0,24140.0,0.02,0.01612557,0.6245129,8.557102,11.923557,13.479583,15.629971,157.75093,151.11351,145.88548,141.54626,18.72,24.968,24.368,23.668001,23.818,26.668001,28.568,27.418001,0.1,0.141,0.181,0.203,0.226,0.0,0.0,0.0,0.0,22.106773,470.0,-1.5,-22.0,4690.0,580.0,0.0,0.0,0.0,0.0,0.0,0.0,0.0,0.0,0.0,0.0,0.0,0.0,1018.4
96,2025-04-06 04:00:00+00:00,24.118,21.049026,83.0,27.426394,1014.8133,0.0,0.0,0.0,24140.0,0.02,0.00782926,0.5106125,7.5170207,10.144082,11.4862,13.479583,163.30067,152.52565,147.80429,145.88548,14.04,24.868,24.268,23.568,23.218,26.168001,28.368,27.468,0.102,0.14,0.181,0.203,0.226,0.0,0.0,0.0,0.0,21.887547,480.0,-1.5,-24.0,4680.0,565.0,0.0,0.0,0.0,0.0,0.0,0.0,0.0,0.0,0.0,0.0,0.0,0.0,1018.2
97,2025-04-06 05:00:00+00:00,23.568,20.89824,85.0,26.811087,1014.4082,0.0,0.0,0.0,24140.0,0.01,0.0044225496,0.4359131,7.42159,9.983106,11.119281,12.979984,165.96373,154.35904,150.9455,146.3099,12.959999,24.868,24.368,23.568,22.568,25.718,28.168001,27.468,0.104,0.14,0.181,0.203,0.226,0.0,0.0,0.0,0.0,21.62134,340.0,-1.4,-22.0,4670.0,605.0,0.0,0.0,0.0,0.0,0.0,0.0,0.0,0.0,0.0,0.0,0.0,0.0,1017.8
98,2025-04-06 06:00:00+00:00,22.968,20.118715,84.0,25.73174,1013.90326,0.0,0.0,0.0,24140.0,0.02,0.0067031095,0.44848466,7.9526596,10.041354,10.703569,12.074766,174.80566,165.4655,160.34608,153.43501,13.32,24.768,24.268,23.568,22.068,25.218,27.968,27.468,0.106,0.14,0.181,0.203,0.226,0.0,0.0,0.0,0.0,20.906118,90.0,-1.5,-17.0,4670.0,570.0,0.0,0.0,0.0,0.0,0.0,0.0,0.0,0.0,0.0,0.0,0.0,0.0,1017.3
99,2025-04-06 07:00:00+00:00,22.468,19.4366,83.0,24.897238,1013.3992,0.0,0.0,0.0,24140.0,0.02,0.0075967987,0.46233273,7.928178,9.531505,10.137692,10.829958,177.39749,169.11452,163.49556,158.5522,13.32,24.468,24.068,23.368,21.568,24.768,27.718,27.468,0.108,0.14,0.181,0.203,0.226,0.0,0.0,0.0,0.0,20.290571,30.0,-1.3,-20.0,4680.0,460.0,0.0,0.0,0.0,0.0,0.0,0.0,0.0,0.0,0.0,0.0,0.0,0.0,1016.8
100,2025-04-06 08:00:00+00:00,22.018,19.379038,85.0,24.514088,1013.29443,5.0,0.0,5.0,24140.0,0.02,0.0028470703,0.39693785,7.2805495,8.905908,9.227524,10.464797,171.46931,165.96373,159.44388,153.43501,12.959999,24.268,23.868,23.168001,21.218,24.368,27.468,27.468,0.11,0.14,0.181,0.203,0.226,0.0,0.0,0.0,0.0,20.113323,30.0,-1.0,-28.0,4660.0,475.0,0.0,0.0,0.0,0.0,0.0,0.0,0.0,0.0,0.0,0.0,0.0,0.0,1016.7
101,2025-04-06 09:00:00+00:00,21.718,19.458555,87.0,24.356768,1013.4903,24.0,0.0,24.0,24140.0,0.02,0.0,0.3377781,6.5693827,8.311245,9.028754,9.826088,170.53775,162.3498,156.50142,151.55717,12.24,24.068,23.668001,23.068,20.918001,24.018,27.218,27.468,0.112,0.14,0.181,0.203,0.226,0.0,0.0,0.0,0.0,20.077864,30.0,-0.7,-41.0,4630.0,520.0,0.0,0.0,0.0,0.0,0.0,0.0,0.0,0.0,0.0,0.0,0.0,0.0,1016.9
102,2025-04-06 10:00:00+00:00,21.418001,19.708895,90.0,24.221146,1013.88544,9.0,0.0,9.0,24140.0,0.01,0.0,0.25510597,6.28713,7.42159,8.534353,9.693296,166.75948,157.1663,152.35411,148.67137,11.159999,23.968,23.568,22.968,20.668001,23.668001,26.968,27.468,0.114,0.14,0.181,0.203,0.226,0.0,0.0,0.0,0.0,20.166462,30.0,-0.6,-66.0,4600.0,520.0,0.0,0.0,0.0,0.0,0.0,0.0,0.0,0.0,0.0,0.0,0.0,0.0,1017.3
103,2025-04-06 11:00:00+00:00,21.268,19.915134,92.0,24.260614,1014.2822,5.0,0.0,5.0,24140.0,0.01,0.015458614,0.20221639,5.6920996,6.9247384,8.0899935,9.290511,161.56496,152.10283,147.72438,144.46223,10.440001,23.768,23.468,22.868,21.218,23.368,26.768,27.468,0.116,0.14,0.18,0.203,0.226,0.05,0.05,1.0,0.0,20.272446,40.0,-0.5,-79.0,4570.0,500.0,9.0,6.0,9.0,21.454498,14.3029995,9.975298,3.0,36.817017,51.775326,7.1514997,40.806747,123.42373,1017.7
104,2025-04-06 12:00:00+00:00,24.018,21.1463,84.0,27.810501,1014.71265,0.0,0.0,0.0,24140.0,0.03,0.092574,0.47770047,4.5536795,5.3517847,6.763786,8.39657,161.56496,160.34608,154.7989,149.03632,9.72,23.768,23.468,22.868,27.818,23.868,26.518,27.418001,0.117,0.14,0.18,0.203,0.226,0.85,0.85,1.0,3600.0,21.925041,70.0,-1.2,-19.0,4550.0,560.0,158.0,54.0,157.99998,247.22029,84.49301,247.22026,104.0,489.63272,290.26532,162.72728,766.1211,454.17386,1018.1
105,2025-04-06 13:00:00+00:00,25.918001,20.706347,73.0,29.097942,1014.93335,3.0,3.0,0.0,24140.0,0.08,0.24389818,0.90268207,7.145796,7.928177,9.449572,10.703569,139.08571,140.52757,139.63554,137.72638,15.119999,24.668001,24.268,23.568,31.868,25.568,26.468,27.418001,0.115,0.14,0.18,0.202,0.226,2.65,2.65,1.0,3600.0,22.222467,50.0,-1.5,-8.0,4560.0,715.0,357.0,104.0,357.0,443.92465,129.32259,443.92465,253.0,567.6929,609.0162,314.60205,705.91833,757.30334,1018.3
106,2025-04-06 14:00:00+00:00,28.168001,19.400845,59.0,30.231407,1015.0581,7.0,7.0,0.0,24140.0,0.16,0.4250956,1.5641141,11.246759,12.819235,13.551501,14.336861,129.80553,128.15727,129.61066,128.8845,20.519999,25.868,25.268,24.468,36.517998,28.018,26.518,27.418001,0.111,0.14,0.18,0.202,0.225,4.8,4.8,1.0,3600.0,22.191156,10.0,-1.3,-30.0,4570.0,825.0,575.0,134.0,575.0,654.2169,152.46098,654.2169,441.0,677.4161,889.59937,501.75592,770.74274,1012.1582,1018.4
107,2025-04-06 15:00:00+00:00,29.918001,17.722168,48.0,31.627808,1014.97784,10.0,10.0,0.0,24140.0,0.22,0.5978054,2.1949415,15.408671,17.49615,18.0,18.289274,127.40543,126.63421,126.86999,126.193306,25.919998,26.868,26.168001,25.268,39.817997,30.218,26.718,27.418001,0.106,0.14,0.18,0.201,0.225,6.85,6.85,1.0,3600.0,21.871498,0.0,-0.5,-71.0,4580.0,1030.0,772.0,148.0,772.0,833.3756,159.76631,833.3756,624.0,766.1776,1112.8999,673.6093,827.0903,1201.3777,1018.3
108,2025-04-06 16:00:00+00:00,30.718,17.426008,45.0,32.45436,1014.48804,7.0,7.0,0.0,24140.0,0.27,0.707943,2.4303021,18.668005,21.252197,21.758419,22.039528,129.5226,128.8114,128.95592,128.36752,30.599998,27.268,26.568,25.668001,41.067997,31.868,27.068,27.418001,0.1,0.14,0.18,0.2,0.225,8.3,8.3,1.0,3600.0,21.997168,30.0,0.1,-120.0,4580.0,955.0,909.0,155.0,909.0,943.7926,160.93274,943.7926,754.0,815.2953,1263.7089,782.85986,846.5013,1312.0781,1017.8
109,2025-04-06 17:00:00+00:00,30.968,17.65231,45.0,32.609135,1013.79315,3.0,3.0,0.0,24140.0,0.31,0.75661033,2.4651175,21.650938,24.458813,25.233404,25.501621,132.97864,132.61403,132.10866,131.56627,34.92,27.468,26.668001,25.768,41.017998,33.267998,27.518,27.418001,0.094,0.139,0.18,0.2,0.224,8.95,8.95,1.0,3600.0,22.206547,80.0,0.5,-38.0,4570.0,825.0,975.0,153.0,975.0,978.6368,153.5707,978.6368,822.0,843.3844,1331.7614,825.0661,846.53033,1336.729,1017.1
110,2025-04-06 18:00:00+00:00,30.968,18.00148,46.0,32.383404,1013.0955,0.0,0.0,0.0,24140.0,0.33,0.7518711,2.4202328,23.675303,26.983196,27.748037,28.257132,135.61598,135.0001,134.47443,134.4839,39.6,27.568,26.768,25.868,40.017998,34.168,27.968,27.418001,0.089,0.139,0.18,0.199,0.224,8.8,8.8,1.0,3600.0,22.394543,100.0,1.0,-42.0,4570.0,740.0,969.0,142.0,969.0,940.3771,137.80551,940.3771,827.0,860.98834,1312.4357,802.57153,835.5559,1273.6682,1016.4
111,2025-04-06 19:00:00+00:00,30.718,17.426008,45.0,31.400349,1012.4945,0.0,0.0,0.0,24140.0,0.31,0.707854,2.4303021,24.458813,28.528723,29.28418,29.793125,137.38599,137.04541,136.49428,136.46873,39.96,27.668001,26.868,25.968,37.868,34.418,28.418001,27.418001,0.086,0.139,0.18,0.199,0.224,7.75,7.75,1.0,3600.0,21.997168,80.0,1.1,0.0,4560.0,705.0,895.0,120.0,895.0,835.7901,112.06124,835.7901,775.0,877.2629,1207.0669,723.7288,819.2264,1127.2117,1015.8
112,2025-04-06 20:00:00+00:00,30.218,16.619143,44.0,29.860722,1012.09045,0.0,0.0,0.0,24140.0,0.27,0.62211543,2.4049573,24.75638,28.820242,29.836594,30.344818,139.12769,138.54486,138.42397,138.36656,40.32,27.568,26.868,25.868,34.868,34.168,28.818,27.418001,0.084,0.138,0.179,0.198,0.224,6.0,6.0,1.0,3600.0,21.392035,30.0,0.9,0.0,4560.0,690.0,755.0,94.0,755.0,669.7504,83.38615,669.7504,661.0,882.9498,1022.85583,586.3643,783.2531,907.3618,1015.4
113,2025-04-06 21:00:00+00:00,29.468,16.294195,45.0,28.166828,1011.7832,0.0,0.0,0.0,24140.0,0.23,0.49226087,2.262559,24.014996,28.856194,29.871325,30.378967,139.86458,139.55385,139.39879,139.32515,40.68,27.368,26.668001,25.768,31.918001,33.468,29.168001,27.418001,0.083,0.138,0.179,0.198,0.224,3.85,3.85,1.0,3600.0,20.950272,0.0,0.7,0.0,4550.0,700.0,556.0,72.0,556.0,452.87708,58.64595,452.87708,484.0,856.15936,772.377,394.2311,697.365,629.12195,1015.1
114,2025-04-06 22:00:00+00:00,28.318,16.903921,50.0,27.465736,1011.8702,8.0,5.0,7.0,24140.0,0.18,0.3249706,1.9245228,22.493519,27.841293,29.09103,30.10685,140.19447,139.72021,139.01427,138.87863,37.079998,26.968,26.268,25.468,29.268,32.168,29.368,27.418001,0.083,0.138,0.179,0.198,0.224,1.75,1.75,1.0,3600.0,20.850769,0.0,0.4,-125.0,4560.0,735.0,318.0,51.0,317.99997,209.529,33.60371,209.52899,267.0,771.6719,472.72308,175.92531,508.4517,311.47546,1015.2
115,2025-04-06 23:00:00+00:00,26.968,17.728405,57.0,26.884441,1012.1543,17.0,10.0,13.0,24140.0,0.12,0.15547839,1.5296476,19.681828,26.044699,28.04305,29.546328,140.19447,139.4847,138.12222,136.97493,33.12,26.268,25.668001,24.968,26.718,30.468,29.418001,27.468,0.084,0.137,0.179,0.197,0.224,0.3,0.3,0.0,2284.6575,20.806892,0.0,0.4,-125.0,4560.0,575.0,89.0,19.0,88.99999,0.0,0.0,0.0,70.0,464.82324,146.35347,0.0,0.0,0.0,1015.5
116,2025-04-07 00:00:00+00:00,25.918001,18.586815,64.0,26.553755,1012.5413,25.0,15.0,20.0,24140.0,0.08,0.09044581,1.2037947,17.429354,24.014996,26.250393,28.266304,141.7098,139.86458,137.77924,136.54811,29.519999,25.768,25.168001,24.568,24.918001,29.018,29.418001,27.468,0.086,0.137,0.179,0.197,0.224,0.0,0.0,0.0,0.0,20.92098,30.0,0.5,-105.0,4570.0,635.0,0.0,0.0,0.0,0.0,0.0,0.0,0.0,0.0,0.0,0.0,0.0,0.0,1015.9
117,2025-04-07 01:00:00+00:00,25.418001,19.316868,69.0,26.670824,1013.0339,35.0,24.0,19.0,24140.0,0.050000004,0.06715278,1.0063016,15.575981,21.599998,24.014996,26.250393,146.3099,143.13002,139.86458,137.77924,27.359999,25.368,24.668001,24.068,24.268,28.118,29.318,27.468,0.088,0.137,0.179,0.197,0.224,0.0,0.0,0.0,0.0,21.184807,100.0,0.3,-86.0,4590.0,670.0,0.0,0.0,0.0,0.0,0.0,0.0,0.0,0.0,0.0,0.0,0.0,0.0,1016.4
118,2025-04-07 02:00:00+00:00,25.168001,19.985092,73.0,27.002151,1013.52966,44.0,34.0,19.0,24140.0,0.04,0.049729403,0.8634918,13.849477,18.971008,20.883102,23.277834,152.10283,146.61147,144.11777,140.64827,25.199999,24.968,24.268,23.668001,24.368,27.518,29.168001,27.518,0.09,0.136,0.179,0.197,0.224,0.0,0.0,0.0,0.0,21.517075,190.0,0.2,-108.0,4610.0,710.0,0.0,0.0,0.0,0.0,0.0,0.0,0.0,0.0,0.0,0.0,0.0,0.0,1016.9
119,2025-04-07 03:00:00+00:00,24.918001,20.395521,76.0,27.167067,1013.7261,54.0,43.0,18.0,24140.0,0.03,0.03729526,0.7561903,12.43434,16.434305,18.278645,20.592503,157.8905,151.1893,147.87503,143.53067,23.039999,24.668001,23.968,23.268,24.318,26.968,28.968,27.518,0.092,0.136,0.179,0.197,0.224,0.0,0.0,0.0,0.0,21.699038,250.0,0.1,-91.0,4630.0,720.0,0.0,0.0,0.0,0.0,0.0,0.0,0.0,0.0,0.0,0.0,0.0,0.0,1017.1
120,2025-04-07 04:00:00+00:00,24.468,20.587204,79.0,27.118181,1013.42206,43.0,33.0,15.0,24140.0,0.02,0.023568759,0.6441314,10.365251,13.849477,15.496736,17.786331,159.67677,152.10283,149.26459,144.0578,20.16,24.468,23.768,23.068,23.818,26.518,28.768,27.518,0.094,0.136,0.179,0.197,0.224,0.0,0.0,0.0,0.0,21.682453,280.0,-0.2,-78.0,4630.0,680.0,0.0,0.0,0.0,0.0,0.0,0.0,0.0,0.0,0.0,0.0,0.0,0.0,1016.8
121,2025-04-07 05:00:00+00:00,23.968,20.705463,82.0,26.992361,1012.8184,33.0,22.0,13.0,24140.0,0.02,0.01124138,0.5358257,8.225035,11.119281,12.4811535,14.4,156.80139,150.9455,146.76828,143.13002,17.28,24.268,23.668001,22.968,23.168001,26.168001,28.568,27.518,0.096,0.136,0.178,0.197,0.224,0.0,0.0,0.0,0.0,21.608027,280.0,-0.2,-74.0,4630.0,520.0,0.0,0.0,0.0,0.0,0.0,0.0,0.0,0.0,0.0,0.0,0.0,0.0,1016.2
122,2025-04-07 06:00:00+00:00,23.468,20.60805,84.0,26.676485,1012.3143,22.0,12.0,10.0,24140.0,0.02,0.0033623176,0.4621966,6.6185193,9.19939,10.383987,12.096214,157.61983,149.42085,146.3099,143.47105,14.4,24.168001,23.568,22.868,22.568,25.768,28.318,27.518,0.098,0.136,0.178,0.197,0.224,0.0,0.0,0.0,0.0,21.391321,260.0,-0.1,-86.0,4630.0,475.0,0.0,0.0,0.0,0.0,0.0,0.0,0.0,0.0,0.0,0.0,0.0,0.0,1015.7
123,2025-04-07 07:00:00+00:00,22.868,20.020847,84.0,25.76147,1012.108,15.0,8.0,7.0,24140.0,0.02,0.0031995804,0.44578505,6.725354,8.854829,9.693296,11.090103,164.47583,153.43501,148.67137,144.24602,14.04,24.068,23.468,22.768,21.818,25.318,28.068,27.518,0.1,0.136,0.178,0.197,0.224,0.0,0.0,0.0,0.0,20.809078,180.0,0.1,-96.0,4610.0,465.0,0.0,0.0,0.0,0.0,0.0,0.0,0.0,0.0,0.0,0.0,0.0,0.0,1015.5
124,2025-04-07 08:00:00+00:00,22.318,19.290005,83.0,24.770687,1012.00195,7.0,4.0,3.0,24140.0,0.02,0.0056069056,0.45814753,7.2805495,9.227524,9.826088,11.183201,171.46931,159.44388,151.55717,146.82147,13.32,23.968,23.368,22.768,21.118,24.868,27.868,27.568,0.102,0.135,0.178,0.197,0.224,0.0,0.0,0.0,0.0,20.145391,80.0,0.3,-115.0,4600.0,420.0,0.0,0.0,0.0,0.0,0.0,0.0,0.0,0.0,0.0,0.0,0.0,0.0,1015.4
125,2025-04-07 09:00:00+00:00,22.018,18.802656,82.0,24.140501,1012.09845,0.0,0.0,0.0,24140.0,0.02,0.008666454,0.4763484,7.9526596,9.0,9.504273,10.495713,174.80566,163.73972,155.37645,149.03632,12.959999,23.868,23.368,22.768,21.218,24.468,27.618,27.568,0.104,0.135,0.178,0.197,0.224,0.0,0.0,0.0,0.0,19.725704,0.0,0.8,-47.0,4580.0,455.0,0.0,0.0,0.0,0.0,0.0,0.0,0.0,0.0,0.0,0.0,0.0,0.0,1015.5
126,2025-04-07 10:00:00+00:00,22.068,18.65513,81.0,24.23108,1012.4975,0.0,0.0,0.0,24140.0,0.02,0.007692144,0.5043514,7.2,7.5942073,7.771331,8.225035,180.0,174.55975,166.60748,156.80139,12.599999,23.668001,23.268,22.668001,22.318,23.918001,27.318,27.568,0.106,0.135,0.178,0.197,0.224,0.0,0.0,0.0,0.0,19.644382,0.0,0.9,0.0,4580.0,475.0,0.0,0.0,0.0,0.0,0.0,0.0,0.0,0.0,0.0,0.0,0.0,0.0,1015.9
127,2025-04-07 11:00:00+00:00,22.418001,18.392616,78.0,24.610462,1013.09955,0.0,0.0,0.0,24140.0,0.01,0.014812849,0.5965514,6.162207,5.937272,5.8048253,5.4119864,186.70975,194.03627,187.12492,176.186,11.879999,23.568,23.168001,22.568,24.268,23.468,27.068,27.518,0.109,0.135,0.178,0.197,0.224,0.05,0.05,1.0,304.7042,19.58884,0.0,1.1,0.0,4570.0,510.0,27.0,10.0,27.0,63.941963,23.682209,30.389091,17.0,204.59518,53.935955,40.259754,230.27637,127.73225,1016.5
128,2025-04-07 12:00:00+00:00,23.368,18.470797,74.0,25.705072,1013.60876,0.0,0.0,0.0,24140.0,0.03,0.09679064,0.7466965,5.4119864,5.0142193,4.896529,4.379589,183.814,201.03758,197.10281,189.46225,11.5199995,23.768,23.368,22.768,27.018,23.768,26.868,27.518,0.109,0.135,0.178,0.197,0.224,0.85,0.85,1.0,3600.0,19.959003,0.0,0.6,0.0,4570.0,570.0,150.0,51.0,150.0,233.39832,79.35543,233.39832,99.0,459.41766,294.31354,154.0429,714.84875,457.94858,1017.0
129,2025-04-07 13:00:00+00:00,25.418001,18.360762,65.0,27.760399,1013.93085,7.0,7.0,0.0,24140.0,0.08,0.23720334,1.1362364,5.0142193,4.379589,4.802999,4.5536795,158.96242,170.53775,167.00539,161.56496,13.679999,24.668001,24.168001,23.468,31.418001,25.418001,26.818,27.518,0.107,0.135,0.178,0.197,0.224,2.7,2.7,1.0,3600.0,20.609873,0.0,1.0,0.0,4560.0,730.0,346.0,96.0,346.0,429.59653,119.19441,429.59653,250.0,557.4574,612.49225,310.40213,692.14386,760.4756,1017.3
130,2025-04-07 14:00:00+00:00,28.068,17.59529,53.0,29.97425,1014.0604,15.0,15.0,0.0,24140.0,0.15,0.4186843,1.7828739,6.638072,7.127636,7.386582,7.653705,130.60121,135.0001,133.02507,131.18582,15.4800005,26.068,25.368,24.568,36.618,27.868,26.818,27.518,0.103,0.135,0.177,0.196,0.223,4.85,4.85,1.0,3600.0,21.134428,0.0,1.6,0.0,4560.0,775.0,574.0,121.0,574.0,652.62354,137.57396,652.62354,453.0,693.2229,892.45685,515.04956,788.17694,1014.7009,1017.4
131,2025-04-07 15:00:00+00:00,30.118,16.8828,45.0,32.54779,1013.88336,22.0,22.0,0.0,24140.0,0.21000002,0.5964074,2.348484,9.387651,10.883676,11.384198,11.681987,122.471176,124.21575,124.69522,123.690094,17.64,27.068,26.268,25.368,40.468,30.168001,26.968,27.518,0.098,0.135,0.177,0.196,0.223,6.9,6.9,1.0,3600.0,21.49466,10.0,1.5,0.0,4550.0,770.0,786.0,132.0,786.0,848.1505,142.43748,848.1505,654.0,800.94617,1115.131,705.713,864.27856,1203.3065,1017.2
132,2025-04-07 16:00:00+00:00,31.068,17.023039,43.0,33.727787,1013.2958,29.0,15.0,14.0,24140.0,0.26,0.71528614,2.5694532,12.979984,14.982228,15.484185,15.986593,123.6901,125.21768,125.537766,125.837746,23.4,27.568,26.768,25.768,42.067997,32.168,27.318,27.518,0.093,0.135,0.177,0.195,0.223,8.35,8.35,1.0,3600.0,21.907545,50.0,1.6,0.0,4540.0,870.0,927.0,135.0,927.0,962.2376,140.13168,962.2376,792.0,854.7813,1265.3518,822.1059,887.2737,1313.4509,1016.6
133,2025-04-07 17:00:00+00:00,31.368,17.657312,44.0,33.927105,1012.40186,36.0,7.0,29.0,24140.0,0.3,0.76688486,2.567643,16.92383,19.734436,20.240198,20.523157,128.08882,128.33337,128.50069,127.875046,28.8,27.768,26.968,25.968,42.267998,33.968,27.768,27.518,0.087,0.135,0.177,0.195,0.223,9.0,9.0,1.0,3600.0,22.349764,110.0,1.8,0.0,4520.0,875.0,990.0,131.0,990.0,993.52704,131.4667,993.52704,859.0,880.0928,1332.8933,862.06036,883.2283,1337.642,1015.7
134,2025-04-07 18:00:00+00:00,31.318,18.319117,46.0,33.489086,1011.6039,43.0,0.0,43.0,24140.0,0.32,0.75851154,2.4688,20.421871,23.233252,23.740902,24.248611,130.71075,130.60121,130.69543,130.78574,34.56,27.768,26.968,26.068,41.317997,35.118,28.218,27.518,0.083,0.135,0.177,0.194,0.223,8.8,8.8,1.0,3600.0,22.689287,160.0,1.7,0.0,4510.0,840.0,978.0,123.0,978.0,949.0134,119.35445,949.0134,855.0,889.13086,1313.1694,829.65894,862.7782,1274.2489,1014.9
135,2025-04-07 19:00:00+00:00,30.868,18.58904,48.0,32.42591,1011.1007,29.0,0.0,29.0,24140.0,0.3,0.69823694,2.3172581,22.42427,25.741888,26.230639,26.739542,132.39738,132.16582,133.33171,133.36346,36.36,27.668001,26.868,25.968,38.868,35.368,28.668001,27.518,0.081,0.135,0.177,0.194,0.223,7.75,7.75,1.0,3600.0,22.680035,180.0,1.2,0.0,4500.0,835.0,897.0,112.0,897.0,837.6243,104.58632,837.6243,785.0,887.72253,1207.5425,733.038,828.961,1127.611,1014.4
136,2025-04-07 20:00:00+00:00,30.068,18.509361,50.0,30.68959,1010.6934,14.0,0.0,14.0,24140.0,0.26,0.5946374,2.128617,23.675303,27.492311,28.001427,28.257132,134.38402,135.0001,135.0001,135.5161,38.16,27.368,26.568,25.668001,35.317997,34.918,29.168001,27.518,0.079,0.134,0.177,0.193,0.222,6.0,6.0,1.0,3600.0,22.355295,180.0,0.6,0.0,4490.0,815.0,750.0,98.0,750.0,665.3503,86.9391,665.3503,652.0,870.10913,1023.23035,578.4112,771.90314,907.7422,1014.0
137,2025-04-07 21:00:00+00:00,29.118,18.864574,54.0,28.969177,1010.48364,0.0,0.0,0.0,24140.0,0.21000002,0.45374534,1.854178,23.675303,28.006056,28.775238,29.28418,135.61598,136.04153,136.52072,136.49428,39.96,26.968,26.168001,25.268,32.017998,34.067997,29.518,27.518,0.079,0.134,0.177,0.193,0.222,3.85,3.85,1.0,3600.0,22.218128,200.0,-0.3,-103.0,4480.0,735.0,549.0,80.0,549.0,447.2948,65.17957,447.2948,469.0,828.6777,772.8165,382.11523,675.1607,629.64813,1013.8
138,2025-04-07 22:00:00+00:00,27.918001,19.702887,61.0,28.39814,1010.6697,1.0,0.0,1.0,24140.0,0.16,0.28368974,1.4663014,22.148046,27.238943,28.766228,29.275326,135.65846,135.53539,135.50697,135.49815,36.719997,26.368,25.668001,24.768,29.218,32.668,29.718,27.518,0.08,0.134,0.177,0.193,0.222,1.8,1.8,1.0,3600.0,22.281157,250.0,-0.1,-138.0,4490.0,705.0,313.0,56.0,313.0,206.49171,36.944202,206.49171,257.0,741.304,473.38608,169.5475,489.05154,312.30127,1014.0
139,2025-04-07 23:00:00+00:00,26.518,20.367342,69.0,27.742693,1011.05286,1.0,0.0,1.0,24140.0,0.10000001,0.11842905,1.0737696,19.346441,25.711662,28.006056,29.03752,135.0001,134.43282,133.95847,132.99045,33.839996,25.568,24.968,24.268,26.668001,30.818,29.768,27.568,0.081,0.133,0.176,0.192,0.222,0.3,0.3,0.0,2296.9045,22.206127,300.0,0.5,-117.0,4500.0,530.0,89.0,21.0,88.999985,0.0,0.0,0.0,68.0,450.4431,146.76244,0.0,0.0,0.0,1014.4
140,2025-04-08 00:00:00+00:00,25.418001,20.663572,75.0,27.168226,1011.5388,2.0,0.0,2.0,24140.0,0.06,0.05581532,0.81143785,16.800856,23.675303,26.230639,27.776047,135.0001,134.38402,133.33171,132.37354,30.599998,24.968,24.468,23.768,24.818,29.268,29.768,27.568,0.083,0.133,0.176,0.192,0.222,0.0,0.0,0.0,0.0,22.03349,340.0,0.9,0.0,4510.0,555.0,0.0,0.0,0.0,0.0,0.0,0.0,0.0,0.0,0.0,0.0,0.0,0.0,1014.9
141,2025-04-08 01:00:00+00:00,24.918001,20.817022,78.0,27.00104,1012.0318,13.0,12.0,1.0,24140.0,0.04,0.041485194,0.69314814,15.072783,21.407139,23.675303,25.72174,139.84407,137.72638,135.61598,133.29869,28.08,24.668001,24.168001,23.468,24.068,28.318,29.668001,27.568,0.085,0.133,0.176,0.192,0.222,0.0,0.0,0.0,0.0,21.975481,340.0,1.2,0.0,4530.0,630.0,0.0,0.0,0.0,0.0,0.0,0.0,0.0,0.0,0.0,0.0,0.0,0.0,1015.4
142,2025-04-08 02:00:00+00:00,24.718,21.034622,80.0,27.148508,1012.6276,25.0,24.0,1.0,24140.0,0.03,0.031646058,0.62265587,13.479583,18.504139,20.696087,22.915916,145.88548,142.90709,139.93929,136.27295,25.199999,24.468,23.868,23.168001,24.018,27.618,29.418001,27.618,0.087,0.132,0.176,0.192,0.222,0.0,0.0,0.0,0.0,22.05877,320.0,1.4,-24.0,4540.0,565.0,0.0,0.0,0.0,0.0,0.0,0.0,0.0,0.0,0.0,0.0,0.0,0.0,1016.0
143,2025-04-08 03:00:00+00:00,24.468,20.993462,81.0,27.081831,1012.9237,36.0,36.0,0.0,24140.0,0.03,0.025055636,0.58276415,12.074766,15.990646,17.57744,19.681828,153.43501,148.81508,145.0079,140.19447,22.68,24.268,23.668001,22.968,23.918001,27.068,29.218,27.618,0.089,0.132,0.176,0.192,0.222,0.0,0.0,0.0,0.0,21.954828,300.0,1.3,-18.0,4560.0,505.0,0.0,0.0,0.0,0.0,0.0,0.0,0.0,0.0,0.0,0.0,0.0,0.0,1016.3
144,2025-04-08 04:00:00+00:00,24.068,21.000166,83.0,27.051783,1012.71967,31.0,31.0,0.0,24140.0,0.02,0.01372339,0.5090871,9.565437,12.397806,13.70839,15.484185,160.20103,154.17906,150.06857,144.46223,19.44,24.068,23.468,22.768,23.518,26.568,28.968,27.618,0.091,0.132,0.176,0.192,0.222,0.0,0.0,0.0,0.0,21.839155,280.0,1.2,0.0,4550.0,385.0,0.0,0.0,0.0,0.0,0.0,0.0,0.0,0.0,0.0,0.0,0.0,0.0,1016.1
145,2025-04-08 05:00:00+00:00,23.668001,20.996246,85.0,27.035252,1012.21686,27.0,27.0,0.0,24140.0,0.02,0.003171502,0.4385388,6.924738,9.107359,10.163227,11.435313,171.02745,161.56496,157.06787,151.8215,15.84,23.868,23.268,22.568,23.068,26.118,28.718,27.668001,0.093,0.132,0.176,0.192,0.222,0.0,0.0,0.0,0.0,21.71863,260.0,0.8,0.0,4550.0,420.0,0.0,0.0,0.0,0.0,0.0,0.0,0.0,0.0,0.0,0.0,0.0,0.0,1015.6
146,2025-04-08 06:00:00+00:00,23.368,21.080427,87.0,27.000914,1011.81476,22.0,22.0,0.0,24140.0,0.02,0.0,0.37326288,5.4119864,6.5693827,7.42159,8.427383,183.814,170.53775,165.96373,160.0168,12.599999,23.768,23.168001,22.468,22.768,25.868,28.568,27.668001,0.095,0.132,0.176,0.192,0.222,0.0,0.0,0.0,0.0,21.691288,240.0,0.5,0.0,4540.0,495.0,0.0,0.0,0.0,0.0,0.0,0.0,0.0,0.0,0.0,0.0,0.0,0.0,1015.2
147,2025-04-08 07:00:00+00:00,22.718,20.992105,90.0,26.409409,1011.80743,25.0,25.0,0.0,24140.0,0.02,0.0,0.27607417,4.6938252,5.0911684,5.6920996,6.763786,184.39862,171.86998,161.56496,154.7989,10.08,23.468,22.968,22.368,22.018,25.418001,28.418001,27.718,0.097,0.133,0.176,0.192,0.222,0.0,0.0,0.0,0.0,21.446949,160.0,0.5,1.0,4590.0,480.0,0.0,0.0,0.0,0.0,0.0,0.0,0.0,0.0,0.0,0.0,0.0,0.0,1015.2
148,2025-04-08 08:00:00+00:00,22.168001,20.805925,92.0,25.866405,1011.801,23.0,23.0,0.0,24140.0,0.01,0.0,0.21361446,3.9763298,3.9763298,3.671294,4.510787,185.19434,174.80566,168.69011,151.38963,8.64,23.368,22.868,22.268,21.368,25.018,28.168001,27.718,0.099,0.132,0.175,0.192,0.222,0.0,0.0,0.0,0.0,21.163105,150.0,0.7,1.0,4570.0,460.0,0.0,0.0,0.0,0.0,0.0,0.0,0.0,0.0,0.0,0.0,0.0,0.0,1015.2
149,2025-04-08 09:00:00+00:00,22.018,20.833076,93.0,25.783072,1011.8991,22.0,22.0,0.0,24140.0,0.01,0.0,0.18521428,3.6179552,2.8799999,2.5455842,2.9024127,185.7105,180.0,171.86998,150.2552,6.8399997,23.268,22.768,22.168001,21.568,24.718,27.918001,27.718,0.101,0.132,0.175,0.192,0.222,0.0,0.0,0.0,0.0,21.143196,140.0,0.7,0.0,4540.0,440.0,0.0,0.0,0.0,0.0,0.0,0.0,0.0,0.0,0.0,0.0,0.0,0.0,1015.3
150,2025-04-08 10:00:00+00:00,22.368,21.003878,92.0,26.278023,1012.30164,23.0,23.0,0.0,24140.0,-0.0,0.0,0.21622157,3.2399998,2.5455842,2.16,2.2768397,180.0,188.13002,180.0,161.56496,6.8399997,23.168001,22.568,21.968,23.068,24.368,27.668001,27.718,0.103,0.132,0.175,0.192,0.222,0.0,0.0,0.0,0.0,21.361027,140.0,0.5,0.0,4520.0,410.0,0.0,0.0,0.0,0.0,0.0,0.0,0.0,0.0,0.0,0.0,0.0,0.0,1015.7
151,2025-04-08 11:00:00+00:00,23.118,21.386925,90.0,27.28173,1012.9082,23.0,23.0,0.0,24140.0,-0.0,0.0030552477,0.2828207,2.9024127,2.5455842,2.52,2.1897945,172.87508,188.13002,180.0,170.53775,7.2,23.068,22.468,21.768,25.418001,24.168001,27.368,27.718,0.105,0.132,0.175,0.192,0.222,0.0,0.0,1.0,239.25189,21.840944,150.0,0.1,0.0,4510.0,385.0,24.0,12.0,23.999996,56.496956,28.248478,27.405966,12.0,141.71399,56.070236,28.248478,161.8254,131.99158,1016.3
152,2025-04-08 12:00:00+00:00,24.218,21.535269,85.0,28.41481,1013.4191,24.0,24.0,0.0,24140.0,0.01,0.08076648,0.4532261,3.219938,2.968636,3.319036,2.968636,153.43501,165.96373,167.4712,165.96373,7.2,23.268,22.668001,21.968,28.418001,24.568,27.218,27.718,0.106,0.132,0.175,0.192,0.222,0.3,0.3,1.0,3600.0,22.253729,160.0,0.0,0.0,4490.0,385.0,131.0,63.0,131.0,202.73726,97.499596,202.73726,68.0,311.15735,298.30618,105.23766,481.55106,461.66245,1016.8
153,2025-04-08 13:00:00+00:00,25.918001,21.36199,76.0,29.781887,1013.7373,28.0,28.0,0.0,24140.0,0.050000004,0.2094581,0.8023355,4.8433046,4.8965297,5.1919937,4.8965297,138.01286,143.97253,146.3099,143.97253,11.159999,24.168001,23.468,22.668001,32.618,26.068,27.168001,27.718,0.105,0.132,0.175,0.192,0.222,1.55,1.55,1.0,3600.0,22.648155,170.0,0.3,0.0,4490.0,440.0,303.0,128.0,303.0,375.65033,158.69057,375.65033,175.0,387.83655,615.9031,216.95976,480.8282,763.57825,1017.1
154,2025-04-08 14:00:00+00:00,27.968,20.777853,65.0,31.182644,1014.05927,32.0,32.0,0.0,24140.0,0.11,0.36744753,1.319622,7.145796,7.8954163,8.14587,7.8954163,130.91429,133.1524,135.0001,133.1524,15.119999,25.368,24.568,23.768,37.418,28.168001,27.168001,27.668001,0.102,0.132,0.175,0.191,0.222,3.2,3.2,1.0,3600.0,22.944893,180.0,0.8,0.0,4500.0,520.0,503.0,180.0,503.0,571.5066,204.51529,571.5066,323.0,492.4654,895.23987,366.9913,559.53723,1017.16797,1017.4
155,2025-04-08 15:00:00+00:00,29.568,19.866796,56.0,32.702892,1013.977,36.0,36.0,0.0,24140.0,0.16,0.52591103,1.819984,10.296251,11.808878,12.031756,12.031756,126.46933,127.568665,128.92755,128.92755,19.08,26.368,25.568,24.668001,40.817997,30.218,27.318,27.668001,0.099,0.132,0.175,0.191,0.222,4.85,4.85,1.0,3600.0,22.948364,190.0,1.4,0.0,4500.0,590.0,697.0,210.0,697.0,751.8179,226.51614,751.8179,487.0,594.9316,1117.2855,525.30176,641.722,1205.1583,1017.3
156,2025-04-08 16:00:00+00:00,30.468,19.505816,52.0,33.466705,1013.38873,25.0,25.0,0.0,24140.0,0.21000002,0.6457399,2.0906022,14.982228,16.78156,17.208603,17.49615,125.21768,125.39488,127.34943,126.63421,25.919998,26.968,26.168001,25.168001,41.868,32.118,27.618,27.668001,0.094,0.132,0.175,0.191,0.222,6.45,6.45,1.0,3600.0,23.05277,180.0,2.1,1.0,4460.0,625.0,845.0,205.0,845.0,876.902,212.73953,876.902,640.0,689.4827,1266.918,664.1625,715.5133,1314.7489,1016.7
157,2025-04-08 17:00:00+00:00,30.968,19.334679,50.0,33.47999,1012.39777,13.0,13.0,0.0,24140.0,0.25,0.71745276,2.2407186,19.969458,22.768396,23.185787,23.185787,123.976585,124.69522,126.15828,126.15828,32.760002,27.368,26.568,25.568,41.517998,33.968,28.068,27.668001,0.089,0.132,0.174,0.19,0.221,7.95,7.95,1.0,3600.0,23.129047,170.0,2.8,3.0,4410.0,650.0,934.0,172.0,934.0,937.174,172.5845,937.174,762.0,779.6434,1333.9529,764.5895,782.29285,1338.486,1015.7
158,2025-04-08 18:00:00+00:00,31.068,19.101864,49.0,32.90913,1011.6013,2.0,2.0,0.0,24140.0,0.27,0.7318431,2.298617,23.565569,26.66188,27.07669,27.579382,124.41843,124.54843,125.80344,125.97248,39.6,27.568,26.768,25.768,40.368,35.168,28.518,27.668001,0.085,0.132,0.174,0.19,0.221,8.75,8.75,1.0,3600.0,23.033443,150.0,3.0,0.0,4370.0,685.0,947.0,136.0,947.0,918.83984,131.95589,918.83984,811.0,842.4614,1313.8385,786.884,817.40985,1274.77,1014.9
159,2025-04-08 19:00:00+00:00,30.818,18.87321,49.0,32.068893,1011.00037,1.0,1.0,0.0,24140.0,0.26,0.6882152,2.2661798,24.567198,27.66384,28.082308,28.58545,124.85453,124.931015,126.13547,126.29272,39.96,27.568,26.768,25.768,38.317997,35.418,28.918001,27.668001,0.083,0.132,0.174,0.19,0.221,8.4,8.4,1.0,3600.0,22.81958,140.0,2.3,-12.0,4440.0,760.0,880.0,111.0,880.0,821.719,103.64864,821.719,769.0,868.8267,1207.9639,718.0703,811.2857,1127.9623,1014.3
160,2025-04-08 20:00:00+00:00,30.168001,18.917925,51.0,30.923244,1010.5947,1.0,1.0,0.0,24140.0,0.22,0.5884537,2.0979567,23.770906,27.07669,27.792374,28.296091,125.13428,125.80344,126.57312,126.7242,40.68,27.368,26.668001,25.668001,35.468,34.968,29.368,27.718,0.081,0.131,0.174,0.189,0.221,7.25,7.25,1.0,3600.0,22.61752,130.0,1.1,-29.0,4500.0,840.0,741.0,90.0,741.0,657.4023,79.846436,657.4023,651.0,867.99274,1023.5645,577.55585,770.06805,908.0887,1013.9
161,2025-04-08 21:00:00+00:00,29.318,19.049778,54.0,29.47477,1010.3863,0.0,0.0,0.0,24140.0,0.18,0.44999695,1.8756545,22.180206,25.992401,26.712873,27.217524,125.753975,126.55257,127.333275,127.47626,41.039997,27.068,26.368,25.468,32.618,34.118,29.668001,27.718,0.081,0.131,0.174,0.189,0.221,5.9,5.9,1.0,3600.0,22.393345,120.0,0.2,-37.0,4570.0,875.0,544.0,71.0,544.0,443.3411,57.862534,443.3411,473.0,834.81976,773.2295,385.47858,680.34906,630.15515,1013.7
162,2025-04-08 22:00:00+00:00,28.168001,19.671362,60.0,28.932514,1010.4732,0.0,0.0,0.0,24140.0,0.14000002,0.28148746,1.5259302,20.08916,24.408424,25.41763,26.14403,126.25393,127.208,127.51919,128.2902,37.44,26.568,25.868,25.068,29.818,32.767998,29.868,27.718,0.082,0.131,0.174,0.189,0.221,4.15,4.15,1.0,3600.0,22.349352,130.0,-0.3,-29.0,4630.0,815.0,311.0,51.0,310.99997,205.42902,33.687714,205.42899,260.0,748.4958,474.03857,171.7413,494.414,313.12305,1013.8
163,2025-04-08 23:00:00+00:00,26.818,20.177193,67.0,28.257202,1010.857,0.0,0.0,0.0,24120.0,0.10000001,0.11688555,1.1633959,17.208603,22.039528,23.838959,24.850431,127.34943,128.36752,128.25447,128.53021,33.48,25.968,25.168001,24.468,27.068,31.018,29.918001,27.768,0.083,0.13,0.174,0.189,0.221,2.2,2.2,0.0,2309.2283,22.189423,140.0,-0.5,-13.0,4690.0,705.0,87.0,19.0,86.99999,0.0,0.0,0.0,68.0,449.35687,147.16928,0.0,0.0,0.0,1014.2
164,2025-04-09 00:00:00+00:00,25.718,20.51402,73.0,27.716316,1011.34296,0.0,0.0,0.0,24120.0,0.06,0.05356192,0.8920827,14.565548,19.681828,21.479664,23.000591,129.98683,129.80553,129.55963,129.92033,29.88,25.368,24.668001,23.968,25.018,29.518,29.918001,27.768,0.085,0.13,0.174,0.189,0.221,0.7,0.7,0.0,0.0,22.034363,150.0,-0.6,-2.0,4750.0,605.0,0.0,0.0,0.0,0.0,0.0,0.0,0.0,0.0,0.0,0.0,0.0,0.0,1014.7
165,2025-04-09 01:00:00+00:00,25.118,20.801086,77.0,27.608646,1012.03406,10.0,10.0,0.0,21180.0,0.04,0.03472305,0.7333307,12.218805,17.057314,18.59845,20.65848,135.0001,134.14499,132.64667,131.4676,26.28,24.968,24.368,23.668001,24.168001,28.568,29.818,27.768,0.087,0.13,0.174,0.189,0.221,0.1,0.1,0.0,0.0,22.027788,140.0,-0.6,-1.0,4770.0,545.0,0.0,0.0,0.0,0.0,0.0,0.0,0.0,0.0,0.0,0.0,0.0,0.0,1015.4
166,2025-04-09 02:00:00+00:00,24.818,20.927116,79.0,27.61316,1012.7282,19.0,19.0,0.0,18260.0,0.03,0.024756785,0.6577046,10.587918,14.336861,15.7908325,17.81909,144.6887,141.1155,136.8476,135.0001,23.039999,24.668001,24.068,23.368,24.068,27.868,29.618,27.818,0.088,0.13,0.173,0.189,0.221,0.0,0.0,0.0,0.0,22.01753,130.0,-0.4,-4.0,4780.0,495.0,0.0,0.0,0.0,0.0,0.0,0.0,0.0,0.0,0.0,0.0,0.0,0.0,1016.1
167,2025-04-09 03:00:00+00:00,24.518,21.042171,81.0,27.580032,1013.223,29.0,29.0,0.0,15320.0,0.02,0.016327016,0.5845046,9.178235,12.287555,13.392774,15.30741,154.44008,148.17259,143.74608,138.81418,19.44,24.368,23.868,23.168001,23.968,27.268,29.418001,27.818,0.09,0.13,0.173,0.189,0.221,0.0,0.0,0.0,0.0,22.00296,120.0,-0.2,-7.0,4800.0,450.0,0.0,0.0,0.0,0.0,0.0,0.0,0.0,0.0,0.0,0.0,0.0,0.0,1016.6
168,2025-04-09 04:00:00+00:00,24.218,20.949389,82.0,27.307505,1013.2198,35.0,35.0,0.0,18260.0,0.02,0.012807597,0.5439007,8.654986,11.113451,11.923557,13.684735,163.0724,155.09526,151.11351,144.63745,17.64,24.068,23.568,22.868,23.718,26.768,29.218,27.818,0.092,0.13,0.173,0.189,0.221,0.0,0.0,0.0,0.0,21.84935,110.0,0.2,-8.0,4740.0,400.0,0.0,0.0,0.0,0.0,0.0,0.0,0.0,0.0,0.0,0.0,0.0,0.0,1016.6
169,2025-04-09 05:00:00+00:00,23.918001,20.853594,83.0,27.045574,1012.8177,40.0,40.0,0.0,21180.0,0.02,0.0092271445,0.5045347,8.049845,10.24578,10.966713,12.413477,169.6952,161.56496,156.80138,150.46132,15.84,23.768,23.268,22.668001,23.518,26.418001,29.018,27.818,0.093,0.13,0.173,0.189,0.221,0.0,0.0,0.0,0.0,21.693975,100.0,0.7,-9.0,4690.0,350.0,0.0,0.0,0.0,0.0,0.0,0.0,0.0,0.0,0.0,0.0,0.0,0.0,1016.2
170,2025-04-09 06:00:00+00:00,23.618,20.754845,84.0,26.764282,1012.5152,46.0,46.0,0.0,24120.0,0.02,0.0061935596,0.46638083,7.5685663,9.178235,9.793058,10.636766,177.27374,168.69011,162.89719,156.0375,14.04,23.568,23.068,22.468,23.268,26.068,28.768,27.818,0.095,0.13,0.173,0.189,0.221,0.0,0.0,0.0,0.0,21.53688,90.0,1.1,-9.0,4630.0,315.0,0.0,0.0,0.0,0.0,0.0,0.0,0.0,0.0,0.0,0.0,0.0,0.0,1015.9
171,2025-04-09 07:00:00+00:00,23.168001,20.883846,87.0,26.535429,1012.2111,39.0,39.0,0.0,24120.0,0.02,0.0,0.3687954,6.519877,7.208994,7.342588,8.089993,186.3401,177.13765,168.69011,159.14546,11.879999,23.468,22.968,22.368,22.568,25.718,28.518,27.818,0.097,0.13,0.173,0.189,0.221,0.0,0.0,0.0,0.0,21.495724,80.0,1.4,-8.0,4620.0,305.0,0.0,0.0,0.0,0.0,0.0,0.0,0.0,0.0,0.0,0.0,0.0,0.0,1015.6
172,2025-04-09 08:00:00+00:00,22.668001,21.122639,91.0,26.39933,1012.00616,32.0,32.0,0.0,24120.0,0.01,0.0,0.24771166,4.896529,4.73506,4.6938252,4.6800003,197.10281,188.74608,175.60138,157.3801,10.08,23.368,22.868,22.268,21.818,25.368,28.318,27.818,0.098,0.129,0.173,0.189,0.221,0.0,0.0,0.0,0.0,21.527838,60.0,1.6,-7.0,4620.0,315.0,0.0,0.0,0.0,0.0,0.0,0.0,0.0,0.0,0.0,0.0,0.0,0.0,1015.4
173,2025-04-09 09:00:00+00:00,22.518,21.152338,92.0,26.411552,1012.00446,25.0,25.0,0.0,24120.0,0.01,0.0,0.2181952,3.8939953,3.396233,2.6208394,2.2768397,213.6901,212.00534,195.94547,161.56496,7.92,23.368,22.868,22.268,21.968,25.118,28.068,27.818,0.1,0.129,0.173,0.189,0.221,0.0,0.0,0.0,0.0,21.509468,60.0,1.8,-5.0,4610.0,330.0,0.0,0.0,0.0,0.0,0.0,0.0,0.0,0.0,0.0,0.0,0.0,0.0,1015.4
174,2025-04-09 10:00:00+00:00,22.868,21.140165,90.0,26.83853,1012.407,19.0,18.0,1.0,24120.0,-0.0,0.0,0.27858686,3.319036,3.219938,2.4149535,1.0182338,229.39879,243.43501,243.43501,224.9999,6.8399997,23.268,22.768,22.068,23.468,24.818,27.818,27.818,0.102,0.129,0.173,0.189,0.221,0.0,0.0,0.0,0.0,21.594698,70.0,1.9,-4.0,4590.0,345.0,0.0,0.0,0.0,0.0,0.0,0.0,0.0,0.0,0.0,0.0,0.0,0.0,1015.8
175,2025-04-09 11:00:00+00:00,23.518,21.039513,86.0,27.469675,1013.0126,13.0,11.0,2.0,24140.0,-0.0,0.00588998,0.40562463,3.0758414,3.671294,3.319036,2.16,249.44386,258.6901,257.4712,270.0,5.3999996,23.168001,22.668001,21.868,25.918001,24.568,27.568,27.818,0.103,0.13,0.172,0.189,0.221,0.0,0.0,1.0,262.14746,21.705399,90.0,1.8,-2.0,4570.0,370.0,25.0,13.0,24.999992,58.525352,30.433184,28.93666,12.0,139.13033,58.17799,28.09217,161.03873,136.1955,1016.4
176,2025-04-09 12:00:00+00:00,24.568,21.090881,81.0,28.731884,1013.5227,7.0,4.0,3.0,24140.0,0.01,0.081148885,0.5862498,1.8,2.6208394,2.6208394,1.8,233.13002,254.05453,254.05453,270.0,4.32,23.468,22.868,22.068,28.818,24.968,27.418001,27.818,0.104,0.13,0.172,0.189,0.221,0.3,0.3,1.0,3600.0,22.051096,110.0,1.7,-1.0,4550.0,405.0,133.0,65.0,133.00002,204.7606,100.07097,204.76062,68.0,306.93484,302.23666,104.68963,472.5426,465.30948,1016.9
177,2025-04-09 13:00:00+00:00,26.218,20.994827,73.0,30.145859,1013.7408,21.0,19.0,2.0,24140.0,0.050000004,0.20879228,0.918787,3.0547013,2.5959969,2.5959969,2.8116899,135.0001,146.3099,146.3099,129.80553,10.08,24.468,23.768,22.968,32.618,26.368,27.368,27.818,0.103,0.13,0.172,0.189,0.221,1.55,1.55,1.0,3600.0,22.504623,110.0,1.4,0.0,4590.0,460.0,302.0,130.0,302.0,373.86804,160.93658,373.86804,172.0,378.91507,619.2424,212.93147,469.08688,766.6057,1017.1
178,2025-04-09 14:00:00+00:00,28.218,20.507029,63.0,31.159706,1013.8627,34.0,33.0,1.0,24140.0,0.10000001,0.3685205,1.4154892,8.049845,8.39657,8.707237,8.707237,116.56499,120.96369,119.74479,119.74479,16.199999,25.768,24.968,24.168001,36.918,28.418001,27.368,27.818,0.101,0.13,0.172,0.188,0.22,3.25,3.25,1.0,3600.0,22.864334,100.0,1.0,0.0,4630.0,530.0,495.0,179.0,495.0,562.03864,203.24226,562.03864,316.0,480.0657,897.9457,358.7964,545.0818,1019.55597,1017.2
179,2025-04-09 15:00:00+00:00,29.768,19.761974,55.0,32.349525,1013.6802,48.0,48.0,0.0,24140.0,0.15,0.5251582,1.88288,12.879752,14.336861,14.654254,14.8257065,116.56499,118.495544,117.824005,119.05451,21.96,26.768,25.968,25.068,40.067997,30.368,27.518,27.818,0.098,0.13,0.172,0.188,0.22,4.9,4.9,1.0,3600.0,22.95694,100.0,0.8,0.0,4670.0,595.0,681.0,206.0,681.0,734.2765,222.11595,734.2765,475.0,578.865,1119.3596,512.1606,624.1511,1206.9302,1017.0
180,2025-04-09 16:00:00+00:00,30.618,19.64403,52.0,33.199127,1013.1913,42.0,39.0,4.0,24140.0,0.19,0.6430399,2.1085577,17.414474,19.513195,20.00512,20.188908,119.74479,119.87591,120.256355,121.13891,28.44,27.168001,26.368,25.468,41.517998,32.168,27.818,27.818,0.094,0.13,0.172,0.188,0.22,6.5,6.5,1.0,3600.0,23.182976,130.0,1.0,1.0,4660.0,650.0,831.0,206.0,831.0,862.16205,213.72488,862.16205,625.0,672.1477,1268.406,648.43713,697.3529,1315.9705,1016.5
181,2025-04-09 17:00:00+00:00,31.018,19.699266,51.0,33.436317,1012.4978,37.0,31.0,8.0,24140.0,0.23,0.7132562,2.2020946,21.370783,24.26998,24.464113,25.1614,122.61923,122.27561,122.98853,123.91747,34.92,27.368,26.568,25.668001,41.767998,33.918,28.218,27.818,0.089,0.129,0.172,0.187,0.22,8.05,8.05,1.0,3600.0,23.351852,170.0,1.3,2.0,4650.0,705.0,928.0,182.0,928.0,931.004,182.58916,931.004,746.0,762.27155,1334.94,748.4149,764.7391,1339.2614,1015.8
182,2025-04-09 18:00:00+00:00,31.068,20.058632,52.0,33.24147,1011.9003,31.0,22.0,12.0,24140.0,0.24,0.7221418,2.163232,24.363249,27.757378,27.959743,28.66694,124.159744,123.89621,124.50858,125.28683,41.399998,27.368,26.568,25.668001,41.017998,35.067997,28.618,27.818,0.085,0.129,0.172,0.187,0.22,8.8,8.8,1.0,3600.0,23.573595,200.0,1.4,0.0,4640.0,750.0,947.0,154.0,947.0,918.74994,149.406,918.74994,793.0,822.912,1314.4437,769.34393,798.3636,1275.2324,1015.2
183,2025-04-09 19:00:00+00:00,30.718,20.345955,54.0,32.56437,1011.39813,29.0,23.0,8.0,24140.0,0.22,0.67005557,2.0321386,25.364037,28.961546,29.168886,29.882166,124.592354,124.875404,125.45556,126.17972,41.039997,27.268,26.568,25.668001,38.817997,35.317997,29.068,27.818,0.083,0.129,0.172,0.187,0.22,8.45,8.45,1.0,3600.0,23.619846,220.0,1.1,-9.0,4620.0,795.0,881.0,129.0,881.0,822.6241,120.45233,822.6241,752.0,848.8734,1208.3334,702.17175,792.6262,1128.268,1014.7
184,2025-04-09 20:00:00+00:00,30.018,20.285316,56.0,31.314445,1010.9918,27.0,24.0,4.0,24140.0,0.18,0.569777,1.8675485,24.567198,28.66694,29.168886,29.59235,124.85453,125.28683,125.45556,126.59118,41.039997,27.168001,26.368,25.468,35.567997,34.968,29.468,27.818,0.081,0.129,0.171,0.186,0.219,7.35,7.35,1.0,3600.0,23.346083,230.0,0.5,-21.0,4600.0,835.0,740.0,105.0,740.0,656.5534,93.15961,656.5534,635.0,845.92993,1023.8606,563.3938,750.5381,908.4043,1014.3
185,2025-04-09 21:00:00+00:00,29.168001,20.609577,60.0,29.941902,1010.78326,25.0,25.0,0.0,24140.0,0.14000002,0.43027493,1.6167469,23.269482,27.36947,28.082308,28.296091,124.91948,125.36255,126.13547,126.7242,40.68,26.868,26.168001,25.268,32.468,34.218,29.818,27.818,0.081,0.129,0.171,0.186,0.219,5.95,5.95,1.0,3600.0,23.247917,240.0,0.1,-28.0,4580.0,830.0,542.0,83.0,542.0,441.83282,67.66074,441.83282,459.0,809.23914,773.6188,374.1721,659.6834,630.64606,1014.1
186,2025-04-09 22:00:00+00:00,28.118,20.919998,65.0,29.420574,1010.97095,19.0,19.0,0.0,24140.0,0.11,0.2663187,1.3311684,20.767975,25.068514,26.072052,26.785547,123.690094,125.0595,125.44579,126.25393,37.079998,26.468,25.768,24.868,29.768,32.918,30.018,27.818,0.081,0.129,0.171,0.186,0.219,4.2,4.2,1.0,3600.0,23.082249,240.0,-0.1,-26.0,4580.0,755.0,306.0,59.0,306.0,202.38116,39.021206,202.38116,247.0,709.69995,474.68228,163.35995,469.37875,313.94363,1014.3
187,2025-04-09 23:00:00+00:00,26.968,21.26217,71.0,28.978386,1011.35693,13.0,13.0,0.0,24140.0,0.08,0.10706995,1.0313139,17.174677,22.065973,23.565569,24.863466,123.02387,123.6901,124.41843,124.3804,33.48,25.968,25.268,24.468,27.218,31.218,30.068,27.868,0.083,0.128,0.171,0.186,0.219,2.2,2.2,0.0,2321.6604,22.917969,230.0,-0.3,-20.0,4570.0,645.0,84.0,22.0,84.0,0.0,0.0,0.0,62.0,408.72308,147.57545,0.0,0.0,0.0,1014.7
188,2025-04-10 00:00:00+00:00,25.968,21.410309,76.0,28.510738,1011.84424,7.0,7.0,0.0,24140.0,0.050000004,0.044933245,0.80470705,14.081477,18.971008,20.26899,22.065973,122.471176,123.388535,123.407845,123.6901,29.88,25.468,24.768,24.068,25.318,29.718,30.068,27.868,0.084,0.128,0.171,0.186,0.219,0.7,0.7,0.0,0.0,22.695608,220.0,-0.4,-15.0,4570.0,540.0,0.0,0.0,0.0,0.0,0.0,0.0,0.0,0.0,0.0,0.0,0.0,0.0,1015.2
189,2025-04-10 01:00:00+00:00,25.318,21.61821,80.0,28.368206,1012.4349,5.0,5.0,0.0,23180.0,0.03,0.026098501,0.6452522,11.384198,15.575981,16.676977,18.472595,124.69522,123.6901,122.660904,123.07069,24.84,25.068,24.468,23.768,24.368,28.718,29.968,27.868,0.086,0.128,0.171,0.186,0.219,0.1,0.1,0.0,0.0,22.634796,220.0,-0.4,-12.0,4560.0,460.0,0.0,0.0,0.0,0.0,0.0,0.0,0.0,0.0,0.0,0.0,0.0,0.0,1015.8
190,2025-04-10 02:00:00+00:00,24.818,21.733013,83.0,28.362015,1013.22656,2.0,2.0,0.0,22240.0,0.03,0.011238513,0.532388,8.435069,11.808878,12.682018,13.779114,129.80553,127.568665,124.592354,123.2749,19.8,24.868,24.168001,23.468,24.068,28.018,29.768,27.918001,0.087,0.128,0.171,0.186,0.219,0.0,0.0,0.0,0.0,22.565052,230.0,-0.4,-11.0,4560.0,390.0,0.0,0.0,0.0,0.0,0.0,0.0,0.0,0.0,0.0,0.0,0.0,0.0,1016.6
191,2025-04-10 03:00:00+00:00,24.318,21.82468,86.0,28.214588,1013.61945,0.0,0.0,0.0,21280.0,0.02,0.0010260468,0.42553902,6.3690495,8.669949,9.0,9.885262,137.29063,131.63345,126.86999,123.11135,14.759999,24.568,23.968,23.268,23.818,27.368,29.568,27.918001,0.089,0.128,0.171,0.186,0.219,0.0,0.0,0.0,0.0,22.485708,230.0,-0.3,-9.0,4550.0,340.0,0.0,0.0,0.0,0.0,0.0,0.0,0.0,0.0,0.0,0.0,0.0,0.0,1017.0
